5.889,5.8477,2.6742,6.2988,4.7523,6.5658,1.2222,5.5049,6.7311,5.1471,5.2137,0.51247,4.8188,8.0928
7.9091,8.2156,3.9566,8.2646,9.2171,5.6442,3.046,6.7863,8.2697,7.457,7.4661,-0.084852,9.1822,42.321
10.053,10.487,7.5261,10.658,12.875,12.294,13.159,10.901,11.943,10.216,12.404,-0.43301,14.785,55.921
7.5281,8.2229,4.1958,5.9251,4.1479,5.9707,2.614,2.9208,5.5867,6.1853,5.5307,0.48147,7.3074,19.622
8.3744,5.608,12.009,6.538,7.692,9.7559,5.2781,5.0946,6.8032,4.351,4.8289,0.1719,3.863,25.133
6.7501,7.2923,3.4415,6.8474,7.349,6.5071,9.9558,8.5536,7.4745,7.3121,8.63,0.49344,5.3867,17.89
4.9948,5.7421,3.6518,7.374,7.9049,5.3551,1.1493,5.4488,5.9077,6.278,6.0777,0.50025,6.6144,11.083
5.0511,7.6599,5.1682,10.122,11.68,8.6144,3.0408,6.0006,8.7972,8.2532,7.1688,0.57474,9.9072,33.144
9.0164,7.6965,7.7546,9.0161,8.9666,9.348,4.5785,7.0895,9.4952,9.7111,7.5866,-0.29404,8.8709,21.183
8.0983,8.7613,6.5052,7.9743,9.8848,10.426,9.7559,11.631,10.208,7.4459,9.4255,0.17171,10.526,43.784
9.0057,7.031,9.1948,10.061,8.7978,8.8573,8.5606,8.201,8.2516,8.5477,8.8988,0.14977,8.7594,29.081
9.2524,11.943,7.6076,11.136,14.118,9.041,7.6843,11.711,12.79,11.74,13.821,-0.19942,11.673,44.838
8.8673,6.063,7.8157,9.776,9.9101,9.6721,10.744,10.262,9.4791,10.106,10.151,-0.24318,7.8283,3.762
5.0386,5.0196,4.6311,5.1046,4.4407,3.1727,0.53814,4.0816,4.5001,6.5113,4.0705,0.99123,3.718,3.1047
5.9096,9.0105,6.6548,7.7749,8.419,9.1243,8.3108,9.6915,9.5388,6.3772,6.6632,0.26403,5.8987,23.478
7.047,2.98,3.8856,11.148,8.8014,10.12,13.605,6.9188,9.0294,8.2647,8.7179,0.73215,13.23,41.399
9.4189,7.2439,9.7403,8.107,6.7702,7.5342,10.485,7.6435,7.3661,9.3204,5.2511,0.27521,8.1962,30.74
9.1374,9.5894,6.4451,8.4322,8.569,10.328,7.3202,10.632,9.4916,8.1791,8.1966,0.080528,10.081,40.863
7.4634,6.532,6.1383,8.9902,8.15,8.3369,4.8526,5.3449,8.2163,8.3339,6.2537,0.31411,9.7982,41.101
1.74,0.64366,5.953,3.4949,1.3927,0.37074,3.5422,2.9951,2.6104,1.3316,2.4203,0.15001,7.1795,12.937
11.711,10.899,13.61,10.84,10.838,7.074,5.9224,9.0245,11.561,10.03,10.702,-0.07528,11.163,33.289
13.388,11.475,7.4732,11.691,10.263,12.509,5.6137,9.3551,11.849,10.178,12.53,-0.18542,12.058,50.902
7.3427,7.7788,5.3428,2.4758,1.2613,1.3611,1.064,2.3632,3.2884,0.29503,5.1694,0.70803,6.1976,24.464
11.924,10.127,9.176,11.655,11.043,4.9223,9.7988,8.4178,9.5489,9.1057,7.9636,0.47751,10.279,45.182
4.7198,7.5284,4.4285,5.177,7.3432,3.7607,-0.14878,3.7902,6.3703,4.2352,5.7433,0.63468,6.1985,26.427
-1.0663,1.3646,4.736,6.0592,2.7435,7.2024,0.48915,1.7092,3.1101,2.3943,3.5245,0.4125,5.5861,33.783
5.4315,8.9917,5.5422,5.0225,5.2605,2.5849,4.2374,6.663,6.3272,6.1536,5.3755,0.35882,6.4056,20.203
7.2993,9.7998,1.0944,8.2265,7.7808,4.8634,5.0522,5.8938,8.41,8.3058,6.9156,0.19946,10.696,40.8
8.0625,7.2832,4.4926,8.0061,9.2296,8.3133,8.2134,7.7304,8.6078,6.9845,6.6611,-0.20638,11.351,52.832
4.7281,8.9275,6.9013,8.2591,8.1545,7.4728,1.9497,6.5262,5.6929,4.9604,7.3356,0.29026,10.578,46.673
8.5663,10.804,9.1173,7.799,8.6821,7.5014,4.4464,7.9849,9.5756,7.193,9.7997,0.0046428,6.4089,11.725
4.3064,7.8236,5.5417,7.4369,6.6048,10.012,1.5338,8.6196,6.2533,6.4531,3.4178,0.099353,6.9433,30.122
7.9618,6.6921,3.9201,10.736,8.7115,7.5369,12.415,10.529,8.6487,6.2241,6.5671,0.38876,5.9882,18.736
5.9045,7.0159,8.4876,5.3196,5.9962,7.7882,2.3424,2.0854,5.5236,5.9113,5.1752,-0.091027,6.5346,21.817
3.8298,6.6073,0.32104,3.6219,6.4863,6.8398,6.4295,7.065,3.8524,4.6548,5.3919,0.1952,6.4159,11.546
6.298,5.6501,5.4236,3.5664,4.9045,4.6649,3.1373,1.9165,3.595,3.7797,6.3086,0.73705,6.4443,21.624
8.4543,5.981,4.52,7.4195,7.8194,5.1579,4.1183,2.8276,6.3045,5.6437,3.9449,-0.22762,4.1232,-4.5445
6.2406,6.7463,6.9556,7.4411,8.0277,9.7261,4.1163,8.0443,7.7574,6.4586,6.0833,0.55071,5.1093,32.881
4.1382,6.2695,9.6848,6.7317,7.3632,5.3002,7.9556,6.2525,6.2823,4.9978,6.7595,0.53914,6.6946,21.315
8.3115,10.508,7.8805,5.6719,7.3883,7.8508,4.299,6.8289,6.7193,5.6188,7.6303,0.28921,7.2443,26.627
1.2701,2.3196,1.9619,4.0493,2.8113,5.4824,5.4845,2.6,4.6597,2.4728,4.52,0.52269,6.8991,32.457
6.8428,6.0339,10.526,12.148,11.45,9.6252,8.0632,9.0779,10.441,13.507,12.716,-0.27513,12.565,50.756
8.8671,11.216,10.192,9.8253,10.833,10.666,4.5292,10.37,9.3605,8.7741,8.7502,0.099452,7.4547,28.352
12.692,13.515,6.8951,12.422,13.383,8.0383,9.1627,10.445,12.305,10.252,12.436,0.030597,8.5979,35.984
10.119,10.667,10.22,9.9765,9.5354,7.0758,7.5078,8.0459,8.5989,7.8093,8.5781,-0.092739,14.739,57.462
8.7329,10.288,9.6365,10.658,9.5709,10.777,4.2374,7.3601,8.6787,7.0559,3.7075,0.14444,4.4287,19.872
11.931,8.4378,4.0205,8.2781,6.3466,6.246,7.2934,4.6944,7.6463,4.3845,7.1959,0.55559,10.19,32.857
8.0955,7.1799,5.2727,9.5614,8.6761,10.185,4.2401,4.6798,8.9842,8.8242,9.5132,0.2117,10.901,36.579
7.9361,11.591,9.1817,7.3316,9.192,8.325,9.2354,7.7066,6.5596,7.9556,5.4653,0.44892,7.054,30.275
11.567,12.07,8.3874,13.929,12.374,10.497,7.4265,12.407,13.047,11.819,8.7301,-0.42944,10.561,51.969
7.4305,4.6861,8.9687,6.1178,7.4419,9.2134,8.783,5.059,6.1401,4.2724,1.6208,0.39579,6.8056,22.544
4.5511,7.5545,5.716,8.7856,6.8195,7.2947,5.9038,8.7065,8.913,6.5867,7.4141,-0.27603,7.3646,22.667
6.1535,9.9341,5.445,7.1454,7.575,5.5996,3.9057,8.9917,9.4052,6.7854,6.8946,-0.13354,10.569,40.375
6.9385,5.4079,8.9144,7.2417,5.7018,4.6878,4.4892,5.2764,5.608,4.2477,3.9426,0.35791,3.4955,27.161
12.297,10.579,8.3631,11.439,10.535,11.12,5.0682,8.5919,12.821,11.213,11.444,-0.26903,15.222,59.224
7.6505,7.3133,6.3758,8.1433,9.1805,8.2753,2.811,5.5945,5.4128,6.3465,6.4197,-0.12199,7.3203,29.794
8.0536,12.637,10.92,10.692,12.196,13.374,9.6444,10.314,12.013,9.7831,9.2035,0.0075424,9.9594,36.452
4.1829,8.9854,6.5752,10.498,10.038,9.0144,6.0581,5.474,9.8767,8.7721,5.0697,0.064476,8.6757,27.341
9.0127,8.0038,6.4151,7.2424,8.9118,11.092,7.0714,7.6021,8.1488,5.7261,6.5597,-0.21148,12.787,46.557
8.3881,10.608,2.6911,10.049,10.84,9.0041,8.6344,5.8126,8.9775,9.6385,8.4082,0.10918,8.0236,34.406
7.8271,6.8277,8.1605,5.8988,4.7116,4.453,3.056,3.3907,3.0367,5.0673,5.7457,0.15931,2.7692,5.3771
2.9562,2.2512,1.8241,3.715,1.5693,5.7504,9.2844,4.1392,3.1455,3.4978,0.72726,0.42092,2.9122,16.647
7.513,6.4033,8.0178,7.1358,6.9995,7.8544,3.7113,4.3556,7.1814,5.7323,6.2538,0.72396,8.0869,43.155
6.7653,5.4694,5.8392,10.787,10.108,8.6729,12.115,10.043,9.3841,8.462,8.5445,0.38972,7.6272,40.933
4.7172,6.5702,1.2684,8.482,9.4068,10.257,5.063,7.7212,8.6494,6.6845,7.1413,-0.22234,12.385,49.434
3.6672,3.7142,0.43637,7.4577,4.9319,3.5113,2.8883,5.4889,6.2644,6.5703,3.7883,0.36431,4.3326,21.734
8.5023,8.4864,8.9881,9.1879,8.5006,4.6973,6.2819,8.9959,8.3364,7.0137,6.7864,-0.002263,7.9975,37.791
7.357,8.3713,6.0542,5.1759,4.8866,7.9054,4.9301,2.8713,4.8514,5.3075,5.2665,0.57449,4.998,19.711
11.965,10.785,6.6101,8.9816,8.7307,9.3633,4.1374,6.3076,8.3904,5.5535,7.4856,0.60581,10.831,32.498
5.455,7.146,10.109,6.1297,6.5724,6.1229,4.096,5.5245,5.4144,6.8777,6.1663,0.57143,4.6921,23.265
5.0042,4.675,6.7385,7.3695,6.3624,4.4738,2.7331,5.4101,4.9621,5.4594,4.7356,0.24173,5.3935,16.694
8.9683,6.0997,7.0479,6.5949,8.0603,7.3201,7.4282,7.7301,7.5228,6.7096,6.0742,-0.032037,9.5108,39.261
8.9422,8.4924,6.961,8.0989,7.7499,8.547,5.8008,9.7233,9.802,10.738,9.5576,0.060357,10.006,30.484
7.1068,8.0226,5.0773,6.56,4.1721,5.978,5.2558,6.9128,4.0337,3.7565,6.3096,0.65411,8.5935,30.674
5.9512,8.8027,7.8616,9.335,9.3282,11.032,4.7784,9.119,7.1942,6.5373,8.2301,0.069174,11.89,36.51
9.3539,5.5927,9.8672,8.9251,9.0997,6.9635,7.3354,9.1688,8.7485,9.4183,9.931,0.12494,8.1723,44.739
7.2343,5.436,7.6862,4.1225,3.4687,7.8568,6.0821,3.4412,5.0494,2.2857,4.4653,0.89485,3.9081,22.001
4.0365,8.3294,6.0511,9.279,6.3994,6.1871,6.5001,4.9569,6.9478,5.6679,5.6424,-0.19075,8.0034,12.268
7.6321,8.1189,4.9847,9.472,8.0046,9.5212,8.9216,8.8324,7.8423,8.6344,8.8365,0.52212,8.6542,40.536
7.0996,6.8118,8.4928,8.9014,9.9111,9.0756,8.2373,10.068,8.6135,10.144,8.8005,0.011733,7.3585,44.805
6.0298,5.8604,4.2067,6.8874,6.9174,9.1675,4.3231,9.5112,6.9404,7.6049,6.9834,-0.23214,7.9932,34.483
3.8279,4.8878,5.4683,8.8721,9.5992,6.1318,9.738,9.0349,8.6159,8.222,9.2301,-0.58757,10.574,47.736
5.1694,5.9895,6.498,5.106,4.4745,4.6537,7.0353,2.5917,4.2672,4.0056,1.2978,0.43455,4.8806,0.23744
8.2495,7.9687,3.4405,7.4788,9.3181,5.4028,3.811,7.3923,6.5842,5.4544,8.7626,-0.005437,7.6405,44.743
5.785,6.1357,1.6168,0.8352,-1.4493,3.2672,4.5491,3.0336,0.35367,0.47267,1.3577,0.52111,-0.51545,11.908
9.1131,9.5881,7.1801,9.7583,10.725,10.594,6.7302,10.201,11.786,7.4496,8.8591,-0.14295,13.158,71.49
9.0262,9.5583,8.3061,11.055,10.988,13.944,8.1708,8.835,12.228,8.1363,11.193,0.22097,13.213,55.095
3.4708,6.267,5.0336,7.6853,7.1841,9.4164,8.8826,8.3345,7.9838,7.8417,5.3685,0.016253,8.11,20.13
6.8121,7.4161,5.3518,5.3957,4.7912,6.1153,6.0425,8.0896,6.774,5.1004,5.6132,-0.040382,4.0625,14.485
5.0908,3.5765,1.4868,6.5017,7.653,8.6288,5.7125,7.9598,8.2332,8.5513,7.1873,0.045298,7.8356,36.835
3.3318,6.6234,2.1332,4.0399,5.5411,6.6145,3.2197,4.3485,5.7485,5.9806,4.7617,-0.28481,3.471,19.954
4.1715,5.4953,3.9255,5.3532,7.4925,4.2546,6.5906,7.7079,7.6324,6.0902,6.5905,0.040997,11.136,42.17
8.0714,8.8106,7.065,5.2556,4.1693,5.0801,7.9447,5.3999,5.0836,2.9788,1.7029,-0.26947,6.6554,37.099
8.4448,10.02,5.8626,10.087,7.948,9.8822,9.2912,9.2943,7.9835,8.9145,9.7378,0.38431,11.091,39.733
7.9303,10.202,7.4541,7.9002,8.5997,8.9069,7.0417,8.9077,8.239,7.6221,8.1867,0.033397,7.0212,33.533
5.9406,4.9328,5.9341,7.4343,7.2444,7.3881,7.5328,10.274,8.4164,5.3995,9.9514,0.19752,7.3686,30.274
8.3771,6.954,3.5473,6.4943,8.6813,6.9686,5.3285,7.478,8.5312,8.0264,8.6964,0.68029,7.791,19.047
5.9103,7.6528,1.6088,6.3738,5.8463,7.8361,5.9178,8.1115,7.3768,7.5703,6.9764,0.16074,8.1367,22.496
6.6523,7.8747,4.5496,6.532,7.0033,3.3669,7.3329,7.5835,7.4486,8.4175,6.6763,0.14508,6.4499,41.816
10.463,10.278,10.842,13.949,11.985,15.145,8.8856,11.601,11.866,9.2553,7.9938,-0.4511,10.204,58.08
5.904,5.751,3.9895,5.3805,3.1211,5.5851,1.7348,1.7188,3.8162,-0.81692,1.7705,0.1384,3.8074,32.516
6.5822,6.3935,2.9722,7.8437,6.532,7.3422,2.3501,8.5892,5.6769,5.2491,7.9897,0.58654,2.7889,17.319
3.1015,3.8394,4.1146,5.6934,6.3195,5.9205,0.18867,1.8706,5.9095,5.5433,4.0915,0.24802,6.8224,17.717
7.805,4.4459,3.8653,8.4648,6.5292,9.6973,6.1396,4.9792,7.3889,5.7135,6.3412,0.74574,6.8437,35.473
3.4153,6.7909,8.7995,6.5368,7.0079,7.5408,6.5664,3.6686,9.2065,8.7435,5.8784,0.3796,6.134,15.376
8.3072,4.0384,1.3832,5.8803,5.4832,1.4656,4.0767,7.4831,5.0203,4.2982,7.1947,0.3473,8.4012,39.524
3.9573,8.3614,9.2738,5.6692,3.6628,6.5827,6.3569,5.1507,2.2152,1.7422,0.51796,0.42728,6.9099,17.358
2.6812,2.9546,1.788,5.5653,6.2254,5.4291,3.9181,7.0867,6.8067,4.5417,3.5331,-0.18135,4.4334,25.33
3.6994,6.6236,6.1609,5.6002,7.3907,2.3656,4.2565,2.4667,6.9085,5.6088,3.1308,-0.035738,4.006,16.235
7.1056,9.0717,7.4266,8.5966,11.222,8.0727,6.2714,7.2117,7.5191,8.9986,5.6614,0.46668,9.2252,47.775
4.9473,7.4125,4.4164,3.188,4.4394,7.8711,7.6212,3.1952,4.2946,3.5014,5.7404,0.22151,5.8064,18.618
3.657,5.6062,5.3995,8.1575,9.4872,10.166,3.0132,8.1342,8.9141,7.2122,8.3647,-0.050744,7.8555,32.829
3.2725,4.262,-0.019723,5.7283,6.1668,5.7568,5.2443,4.2712,6.3935,8.4061,5.2631,0.27712,5.6749,28.835
7.5591,8.1085,5.6339,9.2558,6.9122,6.3515,5.7755,6.7957,8.3572,7.203,5.5569,-0.23748,7.9408,34.473
5.4819,4.4143,6.0243,6.411,5.5077,4.5945,5.7691,4.7785,7.1175,5.5706,7.6787,0.32502,5.2505,15.615
11.213,11.487,7.1831,7.803,9.4771,9.6414,5.6621,8.4181,8.6526,9.0136,8.79,-0.18848,8.8325,34.599
6.5804,7.7638,6.5679,9.9773,9.4669,6.503,9.7602,7.531,9.3557,7.2928,8.0939,0.016645,10.063,57.464
3.3192,6.2286,5.7626,5.4015,4.5954,5.2653,4.5014,3.9361,5.6079,4.4697,4.3205,0.48538,4.0956,14.48
6.3598,8.3279,7.0278,6.4758,8.7176,8.0154,9.6709,8.7079,7.3136,4.7967,8.7407,0.29549,5.5203,19.479
9.7806,7.5457,10.806,6.9967,8.0592,7.1731,7.3325,6.2725,8.4926,7.2326,9.5552,0.078952,9.8019,29.19
6.3695,5.7045,4.9757,4.0601,5.3966,1.9834,3.4232,4.1449,3.0155,4.9182,5.058,0.48845,5.7757,18.244
7.7291,9.3527,10.585,5.1418,4.0187,6.299,6.9096,5.7888,3.1199,2.1505,3.5051,0.41698,2.0586,0.75309
9.783,6.4956,11.151,5.3986,5.9008,10.576,7.3417,8.5749,7.5275,7.9363,8.2283,0.51279,6.7209,32.559
4.0814,4.2198,6.9322,7.2804,9.8164,9.1573,4.9366,12.496,9.7899,10.937,9.2531,-0.10891,8.0223,26.939
5.7079,8.2474,8.2639,8.5243,8.0025,6.7935,5.2281,10.5,11.445,9.1198,9.2407,-0.33944,12.025,53.989
5.7359,7.764,6.7193,8.2398,6.4185,5.8921,6.6929,9.1138,6.9056,7.7566,6.4609,-0.11126,7.0788,26.912
5.2731,7.2904,9.4937,9.1695,7.6403,11.453,8.6483,9.6199,8.072,10.51,9.9799,-0.15569,6.4264,34.675
10.669,10.548,9.9392,10.009,10.668,13.648,8.0411,11.991,12.845,9.5179,11.586,0.41795,13.292,52.416
5.1377,6.6382,5.4329,5.5136,5.3493,4.5875,2.7216,6.5978,4.7183,3.3704,4.9321,0.065328,4.0846,19.069
7.5827,8.7812,8.2328,5.6542,7.5899,6.2226,1.7536,4.8303,6.0218,5.8047,8.3791,-0.013571,6.5191,31.641
6.5743,5.1275,7.0534,8.2276,9.0549,7.4725,4.585,4.9948,10.526,8.8054,6.0859,-0.48595,7.4635,30.893
11.825,10.357,4.4124,8.4755,6.2491,6.1756,5.6715,5.6044,7.5956,6.246,7.0175,0.60176,11.662,54.835
9.3837,10.235,8.8256,6.8569,8.6097,4.5905,5.8406,3.6615,5.9868,4.8224,3.3781,0.27602,6.7578,28.61
6.8409,8.7794,9.1375,11.189,10.134,9.4711,4.4014,9.7572,8.8114,7.9143,8.1729,-0.014867,7.2048,44.598
7.66,9.7855,10.777,9.1984,9.3409,8.8055,6.0282,8.4517,7.157,7.3055,8.7579,0.03038,4.493,25.025
7.4362,7.2578,8.2633,7.8503,6.9599,4.6452,4.452,7.1173,6.842,7.5782,7.0721,0.13973,6.105,24.358
12.5,10.074,10.564,12.236,9.7756,7.3909,6.7835,8.6333,9.9516,7.3165,10.931,0.40852,9.6522,44.766
8.7016,12.203,8.9034,7.394,7.8956,9.0196,3.0329,4.6195,7.3824,6.0045,6.3954,0.16687,6.1402,23.885
7.9439,9.0876,8.5258,9.046,8.0576,10.341,4.4723,7.1895,5.2729,7.6232,7.2758,-0.18406,8.2873,33.928
10.621,9.0432,9.8453,10.834,8.6129,8.0319,7.9015,6.5701,10.206,7.3131,6.3557,0.018861,10.915,43.043
7.4849,7.3082,5.1603,7.8102,8.2716,5.7468,8.0094,6.3324,7.4684,6.6573,7.4098,0.25097,6.1625,28.309
7.106,6.0944,4.3776,6.4548,8.4954,6.3577,6.561,5.8197,5.8163,5.1042,5.0042,0.45655,10.005,25.957
11.138,11.529,10.317,10.152,10.299,10.873,8.1791,9.2014,10.043,7.8775,10.151,-0.35715,9.8253,45.36
5.7616,5.0886,5.6882,6.7634,8.6994,13.606,5.015,4.6192,7.5882,8.4368,3.8796,-0.10883,5.3081,22.188
7.6061,8.3642,7.8629,4.8351,5.5411,9.7319,7.4412,7.8616,7.0369,6.0241,5.7753,0.092268,10.489,46.664
8.9023,7.5809,6.451,7.7416,9.0128,9.154,3.6208,7.7457,7.589,9.1192,7.0778,0.037683,7.2617,32.798
5.6949,7.1775,5.5462,7.1069,7.7864,8.7213,3.3388,5.9415,8.8244,6.1667,6.0693,0.75123,8.5,30.094
14.205,11.793,11.668,11.976,14.849,13.578,10.969,13.325,13.078,10.088,13.798,-0.40388,12.787,42.253
6.8559,10.951,10.232,8.7718,7.6623,10.123,8.073,7.0522,6.3625,6.2966,7.3098,0.15612,9.3122,34.277
10.023,8.7456,1.1692,12.788,11.019,7.7899,5.2588,11.041,10.14,8.3438,10.717,-0.28052,14.429,61.84
8.069,5.6351,0.64162,12.016,10.371,11.154,5.7162,8.1729,12.193,12.744,6.9024,0.012749,11.234,31.255
8.805,8.0757,4.5499,6.9922,8.2389,8.0919,10.12,9.0266,9.041,7.3949,7.9891,0.5331,6.3928,24.821
7.7181,10.341,13.163,10.852,10.042,9.5236,4.5802,7.3558,12.063,9.8947,10.292,-0.52066,9.1534,52.238
10.422,7.7024,6.6593,7.9666,7.5407,4.8945,9.897,10.079,9.6386,9.102,8.3285,0.14168,6.8505,38.691
5.9192,5.5261,7.4385,6.9345,5.6322,6.0368,5.8287,7.3993,6.6714,4.9737,7.4119,-0.088708,9.0816,65.382
8.9436,12.4,7.11,8.5531,9.2926,9.8829,4.7725,7.2381,9.7926,5.9273,5.505,0.21861,10.24,37.164
5.3336,11.206,10.376,7.7572,7.3941,7.3189,3.7242,8.0788,6.8021,6.7138,7.7647,0.24854,6.237,10.751
6.776,9.7111,6.0279,10,8.4342,8.2199,4.6095,6.5848,6.8222,7.6447,7.3194,0.20567,5.6287,-3.7158
6.0231,7.0891,6.7404,9.2247,8.7169,8.4451,9.2289,10.88,9.2327,8.8661,8.5769,0.16153,3.7818,35.949
7.4312,4.9799,4.5766,8.2882,7.7544,7.4891,7.9367,4.4937,7.3107,5.8349,7.958,0.44608,6.0177,29.808
12.154,12.812,10.648,13.891,16.597,13.534,12.566,16.74,16.643,12.786,14.198,-0.17208,17.928,86.693
8.2239,10.325,8.2785,8.1406,10.485,7.8381,7.1076,7.1239,8.8134,10.998,9.4439,-0.035744,7.663,30.412
11.583,9.2435,9.4428,9.2294,7.911,9.2947,7.2197,8.2988,9.4956,9.4381,9.3548,0.24127,9.2166,52.221
6.2922,5.1225,0.59673,7.3222,4.6139,1.4346,3.573,4.3539,5.3975,5.5443,5.4334,0.11868,4.2307,42.381
12.438,10.1,8.3874,12.062,10.421,8.0463,5.3561,9.6313,11.68,8.2285,7.5983,-0.29516,11.325,62.109
8.4357,6.5321,4.0541,7.102,7.851,3.8064,4.1142,6.2966,9.1772,8.3399,7.8394,0.0058209,8.1884,56.184
8.9415,8.0324,7.9598,6.7485,8.1922,7.9257,3.5489,5.2057,6.7413,4.0794,4.5885,0.006734,2.6409,24.511
11.035,8.8504,12.208,8.0394,6.8023,5.5419,6.9407,8.3527,10.219,8.768,8.3953,0.59549,4.291,18.766
4.1868,5.7074,5.4689,3.1469,3.8659,6.3173,2.9758,3.5684,2.2273,3.4286,2.5027,0.18693,2.538,6.1123
5.6401,2.2249,1.8053,2.4816,1.6292,4.5383,4.9323,0.67782,2.0731,1.878,2.1704,-0.62212,2.1924,12.694
8.1037,5.9297,1.2883,5.9063,6.5056,3.1109,5.1112,6.5506,4.8746,8.5842,8.3106,0.39679,5.0909,14.424
6.4915,10.244,6.0704,7.3535,7.705,6.5084,6.3916,5.3651,5.798,8.2613,6.9686,0.28988,9.5158,34.294
7.698,6.4344,1.7264,4.8302,4.8439,6.0542,3.9221,3.8421,4.3377,5.2447,4.0183,0.19087,11.245,48.115
5.7564,9.6859,4.9488,9.2372,11.881,10.556,6.5228,7.8966,9.4576,8.6606,9.5021,-0.33755,10.806,36.143
4.0873,5.4467,4.6752,5.1939,3.9754,6.0552,7.9005,4.0512,5.3387,5.0152,4.4046,0.1211,6.4388,24.281
9.4935,11.354,5.9649,8.8107,8.0894,9.6707,4.5437,6.7162,9.8063,6.9367,8.4373,0.17647,10.034,51.298
7.3532,7.231,7.5053,8.9226,8.9584,9.5619,4.1163,9.2594,9.4247,10.22,7.8724,0.41785,12.151,47.945
9.862,9.3746,13.148,11.431,12.907,13.571,8.0724,10.782,13.232,14.324,12.448,-0.060353,10.173,51.179
7.3036,7.8858,5.7523,10.072,10.273,9.0862,11.069,8.7652,9.2369,10.913,9.3154,-0.34044,10.461,50.056
6.2236,7.1624,10.127,3.5569,4.087,6.7178,4.1087,5.0111,4.8922,5.2723,4.1787,0.49552,2.7414,10.552
6.9987,6.9748,7.423,7.5238,8.0816,7.6398,7.6974,10.259,9.8543,8.577,9.3376,-0.061803,4.5391,31.231
9.8823,14.457,8.9638,13.932,13.771,12.72,8.5878,9.4834,13.572,13.44,12.062,-0.2006,13.909,52.298
6.4745,10.723,7.4058,13.704,11.321,14.97,10.186,10.667,13.097,11.182,10.987,-0.15382,4.9302,20.118
7.8028,8.7835,4.6274,10.239,8.3569,12.544,8.2228,9.3265,8.2041,8.1793,6.4935,0.24954,8.4606,24.866
7.3019,9.3115,9.3853,7.366,8.4457,8.7186,0.10246,6.0817,6.2912,3.7184,5.9387,-0.097795,8.1632,44.353
5.8884,8.0387,4.9465,11.559,12.371,8.0041,5.9865,8.8246,10.247,8.4828,8.2408,-0.61442,9.332,57.689
7.9522,8.1826,5.8367,6.2155,5.9588,3.7347,3.6118,6.1127,5.9437,4.586,7.4259,0.10688,9.3212,37.263
10.519,6.6712,5.3874,8.1704,7.9772,11.268,9.4949,7.8275,8.7051,10.654,9.9106,0.10142,10.334,47.614
3.8974,7.2469,5.8883,4.8061,5.58,6.301,7.2877,2.1812,2.9891,3.4274,3.355,0.00029822,4.0947,2.6327
2.909,5.057,6.4348,5.0148,5.3261,4.2017,4.8853,5.1806,4.1815,4.7152,6.3758,0.31262,7.3946,22.606
4.9499,8.3213,3.8616,7.2026,8.0509,7.9288,4.1058,7.4254,7.2705,4.0995,6.1969,0.24683,3.5577,32.436
6.5919,7.4023,6.8201,8.3423,8.442,7.8526,5.9553,3.6493,7.7415,9.8274,8.72,-0.3287,10.563,33.791
9.1753,7.5933,10.963,7.7106,7.4327,7.4474,5.9563,7.4957,8.3637,9.7013,6.1619,0.32544,6.4346,32.675
5.7747,4.3723,7.0394,8.6246,9.2624,7.6273,3.4773,5.4404,8.2193,10.06,6.4725,0.54652,6.7983,31.081
9.8805,9.9378,6.1333,9.8338,10.15,5.088,10.941,11.254,9.3641,10.2,7.8424,-0.053823,6.6116,4.7507
3.5823,9.6787,9.0652,5.7575,5.9495,8.0332,6.8538,4.6277,4.9564,4.08,3.4481,-0.11179,1.8935,-8.6631
8.1076,8.8727,8.6336,7.8095,5.4136,5.9146,5.9456,4.4872,7.6465,8.1145,7.6392,-0.25066,11.546,51.843
8.9788,8.7994,8.8192,7.9649,8.3523,6.9697,5.6338,7.826,7.3017,7.8773,4.3801,0.088514,6.8438,18.694
6.0399,7.0637,7.571,7.2102,5.1682,7.665,9.9574,7.4997,8.6542,6.241,6.9611,0.59253,12.93,54.653
7.1825,7.5598,9.0792,8.9298,11.322,6.8611,8.5784,10.646,10.194,9.5019,9.9932,0.48563,12.883,55.322
3.0701,7.2158,6.2085,8.6139,9.4145,9.3627,6.3775,9.6501,10.413,8.6376,6.3834,-0.28226,6.2091,28.089
5.7721,5.9366,3.7302,4.9396,4.3172,6.4144,4.7171,4.5103,5.931,2.8975,5.4573,0.11676,2.2472,15.042
8.089,7.5418,5.0535,7.2487,8.6878,6.009,7.9542,7.1745,8.5443,9.3608,7.1415,-0.14849,12.007,41.242
7.2134,6.8539,4.8707,7.9563,8.5362,7.9568,2.788,5.1739,8.2714,9.165,6.3112,-0.064463,12.003,49.506
3.8912,0.93157,6.5969,5.7477,4.2357,11.326,6.73,4.8581,4.8132,3.2365,5.205,-0.7716,8.1866,36.147
4.3326,4.7939,2.3275,3.5303,4.4831,7.0678,4.6763,4.5539,5.167,1.9654,2.2177,0.2201,0.093422,3.4678
3.6776,5.6552,1.7899,5.4953,4.0266,1.7902,7.0901,5.373,5.3388,5.5085,6.5212,0.32505,5.8592,19.47
6.1146,8.2834,4.8368,9.0638,9.8919,9.682,6.1954,9.4287,8.8796,10.858,10.083,0.13014,8.1499,37.837
10.314,7.9834,10.305,8.3595,7.2508,7.1177,4.6816,6.9651,7.9568,6.3265,7.7684,-0.38304,12.045,45.693
6.3884,6.8959,9.1762,7.2222,7.4264,7.8265,5.9957,8.1216,8.8827,7.0362,6.5822,-0.081874,8.7069,23.588
9.8094,10.753,6.5553,7.7794,8.9007,6.2066,8.3726,6.3132,8.4625,8.2368,7.8921,0.27432,7.4941,28.554
11.016,11.68,8.6304,7.4134,7.9263,6.0464,5.6742,5.8578,6.2812,5.5733,5.122,-0.14893,7.8953,21.924
8.0545,6.4905,9.8889,5.1995,5.4545,6.8739,5.8498,5.6437,6.4362,5.5588,6.1595,0.28068,5.9608,51.787
10.854,7.4933,4.7521,7.447,6.8334,7.423,7.7484,7.4688,6.5042,7.6648,8.1285,0.34675,5.7823,23.948
4.5981,3.0362,3.4673,2.6864,2.3732,6.3516,5.1362,4.0097,3.0029,5.4291,5.0205,0.44038,2.48,23.724
10.787,9.9493,9.829,8.4294,8.8879,5.5584,4.9489,7.1482,6.0346,6.0405,7.0387,0.16784,7.1394,37.398
9.0422,8.7111,4.2761,5.8833,5.9927,2.0574,6.8954,5.6741,5.2982,4.9006,0.84262,0.021575,3.6784,7.4936
9.5975,9.9775,6.4682,9.7871,11.085,6.2747,4.0525,7.4838,11.856,9.2245,7.4868,0.289,8.2444,20.428
7.7506,9.033,5.4178,8.9671,9.4864,10.133,6.8861,5.7078,7.0294,7.0485,7.1184,-0.45239,9.4869,36.32
4.0623,5.043,5.3705,5.8009,4.2342,8.4075,1.7532,2.1593,4.4475,2.9607,3.0429,0.41039,3.1572,26.862
9.5083,11.156,12.675,9.9125,9.9809,8.6886,5.8177,8.48,10.728,7.8374,7.7099,-0.097401,8.7613,28.867
10.209,8.8161,6.2597,9.5603,11.24,7.4675,4.9967,8.3372,9.5533,7.7947,7.9632,0.20408,11.867,51.283
7.0808,6.9224,5.0745,7.8079,10.212,11.035,4.7494,7.4692,8.0863,7.9985,8.53,-0.019348,5.9185,34.387
3.8956,6.3075,4.5201,9.7851,7.9129,9.2551,4.1711,7.9222,9.1288,7.9549,8.0291,0.25539,11.754,56.509
12.511,11.356,7.9931,12.18,10.899,9.7485,9.7617,13.797,12.065,10.634,9.0423,0.2027,10.579,25.352
11.217,9.1247,6.1166,7.9612,7.2191,4.8348,7.4039,8.762,8.2453,7.7526,7.6571,0.19439,6.6959,39.865
8.1407,6.3508,7.1001,7.1905,6.1873,6.4874,5.0914,6.7598,7.6224,6.8086,5.6422,0.18178,8.6036,46.917
8.4607,7.0273,10.277,9.1352,9.1799,8.9485,2.68,6.847,10.739,8.5618,9.4426,-0.012506,12.442,44.054
8.6176,9.0593,7.7585,6.8781,7.2967,9.3297,4.8397,5.8315,6.7568,5.6348,8.7967,0.096925,3.3849,15.481
6.621,9.2211,9.081,7.8301,8.9441,6.3006,6.8964,6.7914,10.522,7.1563,7.9694,-0.53686,10.045,44.908
6.9598,7.9008,11.809,6.7996,9.2714,8.8237,9.786,9.7183,8.2377,6.1799,6.3259,0.12215,7.4248,31.785
5.5606,6.6202,5.4965,5.6474,5.8559,9.2301,4.2937,4.5654,7.0585,6.1396,5.2301,0.054242,4.6389,35.147
7.5479,9.9541,5.7985,8.1233,8.2947,6.5893,9.233,4.9389,8.0774,7.2959,6.1053,0.36351,10.475,33.512
7.598,9.7274,4.9383,6.6037,8.5958,4.4801,8.1395,9.0405,7.643,5.2539,5.6981,0.08856,9.6135,53.083
8.865,9.5228,7.4289,8.5212,6.6609,4.2636,4.2393,7.9762,7.9223,6.947,4.689,0.64877,9.388,43.315
8.3723,6.5583,7.3183,6.918,7.1431,9.365,8.3351,9.6418,7.8142,7.8608,7.5308,0.36481,5.6499,19.473
5.7565,7.6493,9.2904,6.3751,7.3732,6.4153,7.0755,6.4484,6.868,6.5542,9.135,-0.22148,7.3,30.352
7.9648,11.664,6.7487,7.6151,7.6476,8.3888,1.9356,5.046,5.1925,4.151,4.3856,0.10456,3.1303,16.478
4.5311,6.671,2.9544,8.4217,7.7735,6.8836,9.0964,8.7265,9.5004,10.19,8.3321,-0.0069389,10.739,59.034
8.1185,8.5181,7.1359,10.834,11.898,8.0045,8.1904,10.623,9.1095,9.5585,9.8183,-0.48943,9.6278,29.811
6.6111,5.839,6.055,10.507,12.217,6.445,7.0212,9.5418,11.579,10.182,8.8458,-0.43619,10.877,19.184
7.6868,5.6784,9.5501,7.5593,7.7749,9.1679,8.3815,8.4087,8.4927,7.7281,5.2447,0.17527,10.773,43.86
5.7468,6.389,3.0015,5.8983,7.3514,3.2651,5.0239,4.8922,5.8665,5.2496,6.0859,0.36947,5.7536,-4.8817
7.5111,5.3051,6.7873,5.0433,6.0348,5.108,5.3059,8.4836,4.9896,6.4576,7.4303,0.57447,7.8597,28.202
7.5763,7.1572,8.6906,8.8474,8.1539,12.985,6.8197,8.3163,9.5302,7.1867,7.0273,0.29038,12.629,39.286
5.6183,7.4621,6.3172,6.4445,5.0123,1.3731,5.2185,5.8317,6.7547,3.7057,6.6746,0.34696,6.78,22.735
6.2158,7.3663,3.2812,3.9699,4.9673,1.754,-0.40859,3.4883,4.021,2.4983,2.544,0.62579,4.2665,-4.7704
11.325,8.1139,5.066,7.928,10.301,10.509,12.337,10.41,7.9827,6.4847,7.8862,0.026588,11.109,60.13
5.7647,4.7384,1.2406,4.8691,3.6891,3.3848,3.2581,5.9555,3.5645,5.5365,2.9537,0.39689,3.2955,18.986
4.7924,3.8072,6.249,4.8416,3.931,4.12,6.5233,5.345,5.5806,4.9814,5.7958,0.01462,10.182,46.545
10.29,12.572,7.6139,9.3222,11.245,12.413,11.27,11.542,11.576,11.222,12.089,-0.10788,8.9295,19.885
7.4689,7.4838,3.6939,6.533,4.9908,2.6919,3.8049,4.9883,5.6388,3.6133,4.0484,0.30528,3.5661,21.103
7.6605,6.0343,8.778,8.599,7.597,8.6899,5.6268,7.7897,7.4983,5.5332,9.3465,0.071703,5.191,24.732
7.856,6.0234,10.188,10.219,11.109,12.748,7.5009,9.6842,9.5297,11.339,7.7468,0.068652,10.763,31.025
8.5188,8.5943,4.8242,6.2503,6.3549,6.5241,6.4218,8.3698,7.6262,7.5292,6.6264,-0.10242,14.854,67.997
6.0238,7.5077,1.3798,4.1389,3.7771,3.1121,0.64678,4.5174,3.0415,3.8095,1.7366,0.65989,4.574,21.112
4.5108,4.816,3.612,4.0326,3.3673,6.7477,6.1442,4.2171,4.2575,4.2347,4.7582,0.51103,7.008,20.411
4.3432,2.1497,4.403,4.6855,3.242,5.0662,7.4023,3.4733,3.8135,4.7462,1.4188,0.50018,4.8445,19.676
6.5663,7.7487,3.7718,2.9921,4.8183,3.0805,4.197,4.1696,4.3793,1.6791,3.319,-0.16587,6.5242,27.516
7.9134,6.1786,4.1702,10.282,10.517,6.7457,2.3985,8.7352,9.5551,7.9343,10.47,-0.044128,9.9974,49.055
6.818,7.1323,7.9429,5.2718,6.675,7.745,-1.8196,3.7671,5.4472,5.2651,3.1901,0.89526,7.3363,30.569
8.2379,3.8906,1.9432,7.8286,4.7118,3.4043,6.8126,5.1662,4.4643,1.9905,4.5746,0.093294,9.3251,12.317
13.794,15.094,10.429,10.858,13.143,11.636,4.6003,9.1982,10.332,11.525,9.5403,0.10123,9.3902,45.1
5.9055,9.1972,9.1167,7.526,8.8472,10.123,2.8024,6.81,8.2895,8.4665,7.2838,0.6039,10.569,30.896
6.6056,7.8166,4.4213,7.4475,8.6969,9.7488,4.852,9.2318,5.4514,4.3549,5.756,0.11169,9.3058,61.842
2.9626,4.6995,5.9136,4.53,4.6081,9.793,-0.20182,1.8528,3.8653,3.3456,2.8458,1.1803,1.7796,-7.0458
6.2708,8.847,6.6474,7.1482,5.713,6.1269,8.0454,5.0222,7.0768,5.105,6.7956,-0.27422,3.1659,-5.294
9.571,10.552,6.4078,10.934,9.9429,9.1507,9.6818,8.6114,12.109,10.176,9.0958,-0.42885,14.642,43.025
9.3578,9.2461,9.3494,10.085,8.4448,9.9619,4.4199,9.1979,8.5088,7.2637,7.2529,0.36683,7.3562,28.121
9.2008,10.977,7.0402,8.2659,7.9999,8.6502,8.6506,8.3312,11.075,7.5158,7.3877,-0.038296,12.851,51.294
7.9505,5.9396,6.136,7.5558,9.109,8.3754,5.6035,9.5874,6.9546,8.789,8.8527,0.36412,9.7929,29.998
6.9047,6.9521,8.0054,7.2055,8.2761,2.672,5.3119,5.0441,6.3262,3.1346,5.6386,-0.074307,7.9089,35.616
8.6205,7.0484,8.8551,6.8113,8.5103,7.1762,7.9428,8.0091,6.5456,6.0385,6.1381,-0.077938,10.914,46.848
6.0869,7.0067,5.1209,8.1891,7.2325,5.7201,5.6212,5.9493,7.1867,7.0921,6.9087,0.25516,2.0634,16.146
10.508,9.6947,10.452,12.531,12.228,10.585,10.182,10.877,12.064,11.51,11.241,0.15273,7.063,30.975
4.4916,8.2259,10.587,7.3974,7.8571,8.7042,4.2426,8.7624,7.9918,8.9909,9.4158,0.68805,7.5448,24.994
5.4635,5.1737,5.9876,3.7979,5.6712,4.6625,4.9835,3.3751,4.919,5.4432,3.8996,0.065452,8.7067,40.461
8.5088,8.8422,8.7894,9.4174,11.943,10.863,7.4877,11.435,9.8072,9.8739,11.961,-0.080195,9.8498,39.563
3.9952,5.0528,6.7114,7.4143,8.8928,6.3275,-0.26466,4.0028,6.6182,5.7442,3.6522,0.30082,7.8197,36.426
4.5775,8.2424,9.5039,6.6733,6.0739,8.8515,2.7129,7.2801,5.6242,4.4235,6.0735,0.31782,7.4827,38.087
4.3335,7.0988,9.9122,6.7488,4.4048,6.8915,9.1217,5.6652,3.4589,5.3442,5.3689,0.72509,-0.6871,-0.51782
9.0198,10.083,10.749,6.0132,5.7586,5.5664,8.3423,9.9905,8.2769,7.525,6.3415,0.38545,9.0766,60.605
11.821,11.863,11.917,12.587,13.226,10.246,14.059,15.075,14.089,12.159,13.623,-0.33543,6.9399,46.873
9.7701,7.2694,7.1859,7.603,5.8545,7.0002,2.0344,5.5864,5.0131,5.8352,6.4948,0.10781,9.418,37.855
8.548,7.7034,12.682,10.187,9.9059,10.638,4.8959,7.6035,8.3284,9.8694,10.62,-0.08832,7.4864,42.521
8.1902,4.5251,4.4872,6.3863,5.4577,3.4409,8.624,8.2528,6.8367,7.1121,5.6472,0.25912,4.0234,31.358
4.8895,6.1212,5.3461,7.9885,5.6447,7.3538,9.1973,6.1796,9.9511,7.2423,5.9871,-0.019193,7.2479,42.209
5.6543,6.6733,5.8924,7.7803,8.3047,5.5505,3.4243,6.6111,7.7753,5.9247,7.973,0.19758,10.442,40.556
6.7239,9.3778,6.9298,6.7034,8.0414,8.1117,4.5747,7.1539,8.3765,6.2081,6.3509,-0.43299,6.112,38.493
5.8293,9.7037,10,9.0384,8.2931,7.3041,7.6368,7.3283,8.9381,6.6548,7.1883,-0.36407,7.0023,46.303
7.7845,5.1356,4.5247,10.406,10.271,10.036,7.3166,9.8418,11.323,8.5539,8.8381,-0.39975,10.72,24.276
5.495,7.9094,8.6721,8.4103,8.2989,10.578,2.3866,6.6578,5.936,4.9241,5.0087,-0.31535,11.883,43.35
6.4618,8.2025,5.5532,6.2231,7.0393,7.1003,8.3387,8.5677,4.6775,5.5447,4.3144,0.54155,6.1748,33.117
3.9779,6.5901,3.9498,4.9149,4.0095,5.639,0.81882,3.7059,3.9035,4.574,3.9495,0.21928,9.1574,21.836
4.5091,3.053,3.0573,6.2446,8.5142,6.9365,4.1132,6.682,7.4909,5.1646,7.6408,0.65825,4.9763,11.835
1.2141,3.0631,5.3961,3.2765,3.6777,2.4548,2.293,2.2777,2.555,1.3349,-0.57447,-0.04596,4.0342,10.797
5.652,7.5654,4.4974,9.3761,8.309,8.3704,10.329,9.7787,10.511,8.9292,7.7815,0.044435,7.8425,38.327
3.565,6.466,5.2342,3.8364,2.9549,2.2011,6.4741,3.8058,3.7537,3.0789,-0.94759,0.25163,0.15772,15.226
7.6015,8.0241,9.4458,9.4592,8.7733,10.682,9.537,8.8784,12.198,9.1613,8.6603,-0.24694,9.6743,28.831
8.1759,7.4939,8.2633,5.6278,5.5851,5.2208,5.6057,6.401,2.6927,3.2049,4.6788,0.06163,6.6014,18.458
4.0165,6.0743,4.1406,9.7514,8.4885,7.4263,4.5765,5.3369,7.981,8.3306,7.9879,-0.19655,6.2497,17.032
5.6283,7.5488,5.6032,7.394,6.0824,9.9549,5.8678,8.7461,8.5689,6.6317,5.1115,-0.022028,8.2414,40.618
12.481,10.767,12.662,9.4361,8.2878,10.258,7.3155,6.5395,9.0072,7.2264,8.8614,0.99218,8.5945,38.572
7.387,8.2238,6.3353,6.3338,7.5373,7.4639,6.8736,5.3302,6.302,6.5754,7.0722,0.077662,10.761,54.541
9.5337,10.723,2.5261,6.71,6.5566,5.9584,2.7659,5.6107,7.5071,6.0388,4.1226,0.44835,6.7459,31.563
7.065,7.9572,8.2145,4.4647,5.1326,3.8585,5.3762,4.3636,5.4361,3.9981,4.5819,0.33619,10.567,57.324
8.6457,10.012,10.641,10.88,10.754,11.78,12.113,11.392,13.076,10.709,9.7575,0.27146,13.202,64.655
11.323,12.546,10.984,6.4448,7.9122,9.5348,2.8585,7.4051,9.3717,8.0554,7.7886,-0.27287,10.24,42.786
3.7134,4.3552,5.5739,5.8146,5.4301,6.126,6.4674,3.0616,3.7666,2.3916,4.8853,0.07606,3.1325,15.081
6.0341,8.5858,5.3341,9.1782,8.6369,8.529,3.1885,10.494,7.9397,6.8786,7.5526,0.38602,6.1802,18.314
8.7129,5.3793,11.348,11.852,11.158,8.4358,8.6835,10.284,10.987,9.9354,10.016,-0.13886,16.321,57.677
9.5091,11.534,9.6554,9.0703,9.6109,9.2082,11.089,8.9107,11.67,10.138,12.582,-0.30419,12.93,58.238
7.3474,6.6483,8.752,7.5237,7.2212,2.6843,3.2156,5.8773,7.5364,5.719,3.9135,-0.073477,2.9669,18.756
5.2486,7.0284,6.2721,7.5817,8.3009,3.3461,10.078,8.5752,8.8067,8.4131,4.3681,-0.70922,5.335,12.751
4.4809,4.97,7.651,6.0587,5.6262,3.7029,3.5497,6.0262,6.0846,6.2423,5.4738,0.56581,4.0505,19.229
7.9329,7.8207,8.3455,3.8842,4.8336,3.6649,-0.31715,3.4228,4.1254,5.6958,2.965,0.37964,7.5341,6.8736
3.5805,5.1542,5.6318,7.1107,7.1869,7.7662,8.5399,8.1046,8.116,6.2062,6.607,0.10964,7.8788,30.168
9.055,9.8234,7.2427,9.8306,9.642,9.8587,5.5082,10.967,10.21,10.542,9.1669,-0.79538,6.3464,36.986
7.2366,5.1659,2.4859,5.1788,5.5052,1.9614,3.3607,4.7047,6.1132,5.0062,5.9679,0.19359,10.027,28.01
7.1575,5.8038,6.9658,7.4652,5.4298,7.3694,6.0227,5.9287,7.4835,3.4231,4.5222,0.71046,7.8177,34.694
9.2791,10.616,7.8341,8.6355,7.4545,10.106,2.5851,5.0162,7.9178,4.3778,8.3956,-0.10591,7.0604,30.27
9.1989,9.054,6.1002,5.9694,6.1151,9.06,8.9831,6.5519,8.2278,6.3741,5.4947,0.344,6.6042,19.928
8.9703,8.6918,10.357,6.2703,7.0527,10.378,8.8904,7.4768,7.0008,4.1326,5.1487,0.017019,9.0254,39.05
2.3863,6.6659,7.6458,6.6371,8.7564,6.6971,4.4044,10.838,8.921,9.7946,8.9751,0.25429,9.9401,48.114
8.359,7.8338,5.3419,8.9937,9.2952,6.602,-0.87969,7.3042,9.4217,9.4588,9.5148,-0.099235,10.866,47.712
6.7996,7.7471,5.7359,8.4964,9.3169,8.7026,5.6678,7.2736,9.3926,8.9508,8.1828,-0.50837,11.326,32.478
4.8631,5.1408,1.7103,6.2929,3.1234,5.7706,4.1181,6.0996,5.8811,5.9251,1.4031,0.047272,4.0154,10.224
6.895,4.9847,6.0137,4.0911,3.5432,3.9077,4.842,2.5617,3.2,1.6262,2.3512,0.58653,4.1234,9.717
8.1118,10.25,6.9528,7.6551,7.9366,7.0925,5.152,7.7356,7.6565,6.22,7.0968,-0.25683,7.5397,31.048
8.5759,11.129,7.5951,6.2104,3.8289,5.8323,7.5714,5.4495,3.724,3.757,2.073,0.55565,2.839,3.1623
4.7334,7.0203,7.7505,3.6149,2.5292,3.6752,1.9408,3.3507,4.0286,2.7293,4.2964,0.26836,3.671,19.876
7.623,8.0937,5.3099,8.068,10.935,11.079,4.5416,6.2972,9.1586,6.0046,7.3899,-0.40025,9.1937,32.038
8.8736,8.313,3.2067,6.9159,8.5217,6.7467,7.1124,5.9447,7.4009,7.2957,7.7666,0.70376,7.6842,51.927
8.3697,8.78,9.0122,7.3131,5.9463,6.9062,2.916,6.2285,5.7185,2.2148,6.0117,0.50227,7.7672,27.144
6.7351,8.9422,6.3205,6.4256,6.0584,5.8498,3.0057,6.1135,6.8493,5.4619,7.251,-0.27403,10.908,50.919
7.326,8.0271,5.6641,6.982,7.7066,7.8601,5.4255,7.512,9.2532,7.4437,9.6356,0.75577,8.5935,48.847
9.1247,10.655,8.4009,10.514,10.392,12.587,9.0687,12.608,11.93,11.726,12.036,-0.079997,12.174,68.547
9.1107,9.1385,8.3264,7.0743,8.5525,5.8297,6.5611,5.8301,8.5206,6.5374,8.5162,0.12447,10.058,36.391
6.079,9.0202,7.9554,7.0287,6.476,8.4375,2.1449,7.8108,7.8965,6.6554,5.8461,0.098993,7.6445,25.756
5.0789,7.9257,4.6416,5.6974,4.593,8.5477,6.6726,2.9277,5.353,6.2156,7.2741,0.43847,7.4338,17.554
7.9422,6.1422,4.1267,4.9225,5.4093,5.5709,5.421,6.2537,6.5368,7.4878,3.9742,0.11491,3.6715,16.7
8.7714,11.045,10.19,5.6826,7.6833,5.4835,4.7775,7.847,6.6136,4.7181,9.6277,0.14224,9.4159,38.021
11.828,11.517,10.635,9.9356,12.186,10.947,8.1889,9.7954,11.325,8.9242,11.144,0.40707,9.997,20.8
8.1068,4.3412,6.4614,7.587,7.1092,7.9781,3.3596,5.8408,5.8114,5.3992,5.5436,0.14229,6.476,36.363
8.6346,8.4775,10.249,7.723,7.2935,9.9812,6.1073,11.014,8.6261,10.454,9.7671,0.17496,9.5782,55.918
7.5781,7.737,6.8247,9.6589,8.7648,11.906,4.5326,8.1048,9.3239,7.5193,10.327,-0.18213,8.6995,43.865
7.235,6.1083,7.731,6.9481,7.535,7.2913,4.8264,8.5143,7.2102,8.0723,9.4043,0.79545,8.7342,47.637
6.322,8.8451,4.4797,9.7292,9.8685,8.4109,6.0544,9.0116,10.364,9.0137,8.4284,0.19136,4.6887,31.74
3.1831,2.2754,2.7424,2.3831,2.7439,3.0004,4.044,0.72693,2.7052,2.1809,3.3259,0.41645,7.7774,25.698
9.0628,6.0557,11.126,5.8589,6.1039,11.751,6.9011,5.1637,6.0435,4.8899,6.0782,0.40116,7.2625,34.481
6.9171,6.0105,6.1918,2.6932,2.6878,4.1491,8.5693,5.2305,2.1544,3.4297,2.8315,0.64465,4.453,16.24
6.8998,9.0525,5.1183,8.7805,7.1856,8.5127,3.3982,6.938,8.8132,5.2468,5.0724,0.28591,7.6409,27.279
7.1516,10.933,6.3642,10.346,12.124,10.735,6.9447,10.402,10.285,9.4446,9.5478,-0.085751,8.7494,33.694
11.849,8.2875,5.127,8.8174,8.0949,7.8435,6.8535,8.9812,7.5724,8.9401,9.9754,0.073596,9.2806,38.461
3.7355,6.3989,6.5813,7.0394,7.7332,8.1553,9.294,9.6872,7.9378,7.662,5.4405,-0.28185,4.0367,29.207
4.3148,7.6173,6.5156,7.8781,8.1699,10.763,5.7616,6.5431,6.658,5.626,8.8682,0.18852,11.68,48.397
9.9453,6.6908,6.2807,9.1379,9.3665,8.4655,7.9867,7.9277,9.1973,5.0758,9.3222,-0.18383,9.9856,32.061
8.1965,8.2561,7.9719,7.9344,7.0233,6.6244,3.2973,8.1259,6.4173,5.8875,5.985,0.36603,7.0308,12.355
3.7817,3.2641,5.7245,6.9784,7.1331,4.146,4.4326,2.6118,6.4899,3.8053,5.8752,0.28297,10.922,46.256
3.3143,6.2326,5.6705,6.221,10.52,8.2582,6.6749,7.2896,8.5274,9.0218,5.9746,0.03034,5.8524,14.511
7.2699,6.6162,8.4579,12.053,9.4246,10.328,9.87,11.6,12.233,11.169,11.543,0.077008,7.6362,21.66
7.4713,11.338,9.7954,7.9359,8.6339,9.2575,7.1759,7.6225,9.4135,8.1119,7.9463,0.029831,6.0847,37.043
10.497,10.353,13.136,11.335,10.408,8.533,8.8036,10.196,9.9313,10.013,10.161,-0.36922,11.854,47.781
8.2841,9.6746,6.3952,9.4525,10.164,6.6071,5.559,9.9066,10.174,5.9058,8.1234,-0.08731,10.512,45.821
11.755,11.425,9.8132,13.376,13.866,11.184,9.1293,12.144,11.078,13.035,11.363,-0.61609,9.6738,39.13
8.4456,8.3365,7.9765,10.712,8.2017,8.36,4.6534,8.3665,7.0769,5.793,6.3032,-0.204,3.7022,24.806
8.2325,9.2854,5.5096,9.3224,9.7377,10.266,4.8136,7.3989,8.6628,7.984,8.801,-0.015978,8.4854,31.506
5.768,9.2924,9.1243,7.5743,7.1423,10.422,6.2489,9.3721,8.6809,7.5271,8.9784,0.10848,9.8122,62.807
5.1023,6.7097,7.4665,7.7448,8.1615,10.827,4.7703,7.8131,7.019,6.9316,8.2193,0.27943,9.0189,35.048
9.2468,10.692,8.5717,10.731,10.58,11.111,5.4474,11.097,9.883,9.5827,12.199,-0.27386,9.9049,60.712
8.8459,8.2266,4.7685,9.9699,7.6613,6.8179,5.0295,6.6954,7.6865,5.8903,7.0785,0.37056,6.6432,17.035
8.3058,6.0253,10.969,8.8171,8.0799,7.7134,4.8662,8.6891,9.0922,6.9573,8.6112,0.14432,8.6506,35.785
4.8514,6.3405,2.2213,3.948,4.9118,6.1165,5.1328,3.8194,5.9926,3.5667,2.5167,0.34727,4.4575,21.516
5.4464,6.8395,5.2855,6.7186,7.389,8.7474,5.0775,8.9401,5.3659,7.9195,5.1292,-0.27353,8.4004,41.329
6.7258,8.7281,8.5113,6.8361,8.2932,5.6656,3.8221,6.2891,7.4683,5.6424,5.1328,-0.003969,8.8696,17.024
5.0604,5.4491,7.0646,9.3333,9.8399,10.364,7.0347,7.6556,9.8408,8.4502,8.2026,0.15893,10.169,47.707
10.258,7.6574,4.2322,8.8546,9.276,8.8058,7.5166,7.6187,8.9316,7.0249,7.5997,0.23618,7.2855,19.677
1.9453,3.3994,2.5656,6.8624,6.1925,7.13,5.3762,5.6313,5.3188,4.7448,7.3721,0.3364,6.7322,25.975
8.8711,8.976,5.7517,8.2372,5.4581,8.2261,7.5054,6.7135,7.8142,7.1776,6.3847,-0.23973,10.353,49.507
9.2548,10.32,3.4486,9.6248,8.9108,5.4676,5.6634,8.6192,8.0851,9.6314,7.9703,0.18926,9.5326,43.003
9.4409,10.349,6.5838,9.5933,7.8074,5.1246,5.8546,8.9101,9.3025,6.1758,7.8029,0.13365,8.9401,43.658
9.4597,9.472,5.2381,8.5147,7.4847,7.9563,5.3231,4.501,9.5958,6.8755,6.7511,0.27314,6.9824,35.146
7.1872,11.063,5.1842,10.315,9.9093,11.002,2.7426,8.3007,10.293,8.5113,7.7221,0.71041,8.809,35.456
4.6634,7.6824,8.8111,8.8674,6.9467,8.7788,5.3144,6.8266,7.4718,6.9779,6.0647,-0.1894,5.8928,17.521
10.899,12.569,11.034,11.641,12.439,10.654,6.1902,11.022,12.275,11.795,9.6644,-0.30654,8.3098,36.207
7.9438,6.3706,4.2063,5.7696,5.9298,7.9438,6.657,6.1579,6.3384,7.785,4.6337,0.029328,6.9955,38.795
6.3993,6.1364,9.5587,10.267,11.42,10.388,6.4855,8.9021,9.721,8.3478,8.1686,-0.53285,8.8642,49.905
7.125,9.9465,7.2411,2.2664,2.114,3.1974,1.1162,1.3299,1.438,-0.36395,0.20042,0.43396,1.8826,-6.4346
9.9469,11.353,7.2757,8.8472,7.817,7.1259,5.1161,5.0391,5.7381,4.4773,4.9085,0.56599,5.7388,24.402
3.3751,1.2862,6.4567,0.66716,-0.10307,4.4247,-2.0377,-0.93817,0.71483,2.536,1.1929,0.44598,0.59088,-3.1535
9.6319,7.7395,7.5793,6.372,6.4168,8.8838,4.7499,5.8813,5.8131,7.613,5.8041,0.76386,6.5692,10.422
9.0312,10.207,4.7002,8.9169,8.0638,9.9877,5.6597,6.3576,10.259,6.2493,6.3699,0.37379,9.1291,36.964
9.9709,8.1761,8.2278,8.8098,8.1737,8.463,8.5711,6.086,7.6136,7.8212,6.5009,0.24962,8.0811,42.783
4.8108,6.6534,1.8066,6.6752,6.4086,5.3027,4.6423,6.943,7.008,6.0168,7.8278,0.2834,7.9036,7.5643
8.7456,9.8517,6.7777,11.582,12.237,9.907,9.2148,7.6871,12.184,9.847,12.699,-0.32327,16.944,62.456
8.0203,7.3269,4.4678,6.4596,6.7466,7.2355,5.1777,7.2628,6.6989,8.4313,6.3352,0.39378,9.1328,27.472
5.1295,5.4102,3.4824,5.465,3.6788,3.7849,9.2433,6.088,5.9067,3.8251,3.9731,0.20117,4.3423,13.163
7.4793,10.768,8.9306,9.2203,8.3891,10.121,5.5423,4.2469,6.76,6.986,6.6025,0.50239,4.9813,11.327
8.2134,10.431,7.9314,10.868,9.2678,10.573,7.0956,10.991,8.5534,10.466,8.9181,0.20186,8.029,11.325
9.0984,9.5804,5.8662,10.181,8.3166,5.6393,8.2135,9.5566,8.5669,9.4594,8.7611,0.40497,8.7764,51.694
3.3336,4.0265,6.3533,7.2155,8.4204,3.0082,4.5284,4.5683,7.9938,9.6209,4.3325,0.35447,9.4399,29.445
8.5801,13.413,11.613,7.7379,5.8749,7.4265,8.6322,10.235,9.1015,4.329,8.0927,0.014435,9.0819,36.467
9.3276,8.318,8.8222,7.9385,9.1495,4.6442,2.7338,5.8299,7.2593,7.1743,7.2113,0.59255,8.1192,41.027
8.8664,6.9244,3.0812,9.4723,9.3203,7.5339,6.2752,8.6054,10.046,9.57,7.5049,-0.028214,4.9549,19.837
7.8525,7.7065,5.9284,11.165,8.6553,8.2794,7.9288,9.8641,10.434,7.776,6.3645,-0.59292,7.3791,29.133
4.3357,5.8896,4.6588,2.2173,2.6807,4.1522,3.1509,3.0543,0.75089,-1.2033,1.1894,0.74924,1.4763,0.89577
11.856,11.365,9.1737,7.1237,8.0211,6.6665,3.9294,3.588,6.4279,6.7139,6.2559,0.52801,7.1332,18.303
5.0616,3.7085,7.31,8.372,9.3434,8.7159,6.4112,5.0807,6.9536,7.471,8.2102,0.049422,5.2881,27.345
6.999,4.7098,0.82172,4.8496,7.0067,3.1751,5.4082,6.7341,6.1634,5.2479,6.5735,0.28372,7.9577,39.037
3.6161,6.5585,8.4729,7.9905,8.5793,7.982,6.093,7.8038,8.1014,4.5157,7.8108,-0.051828,6.0494,15.995
5.0592,5.9292,5.6379,0.56182,2.8763,1.9706,4.2657,2.4813,2.131,2.8005,0.81413,0.32183,2.1579,10.139
8.4179,6.3085,4.5304,9.4501,7.2721,4.8543,6.6198,7.3856,9.6091,8.0675,6.5333,-0.020771,7.4509,37.642
8.4763,7.6709,7.8002,7.8228,4.9913,5.1715,6.9356,10.667,7.2434,6.8418,8.7257,0.33563,12.421,57.825
9.3156,7.0589,4.5466,5.4939,4.4648,3.581,4.024,3.5246,6.9908,3.1053,3.2691,0.16671,8.3659,44.432
8.0773,8.994,4.2546,5.7682,7.6801,8.6802,5.1067,6.3512,6.942,7.9899,7.9447,0.30112,7.0059,32.362
4.6506,6.4516,7.2072,7.2751,6.5167,8.6263,6.6044,7.082,8.4286,6.5297,6.296,0.52344,5.8999,33.652
7.7114,5.911,4.6716,9.3766,7.9555,6.8819,6.5179,7.8822,9.0331,8.5239,4.2557,0.36249,7.553,33.368
10.806,10.226,9.0825,13.997,13.492,12.92,4.1856,11.134,12.994,11.276,10.842,-0.26346,10.985,43.766
8.127,8.7242,11.521,5.1624,4.0061,4.3531,5.1791,4.046,3.7386,3.4618,6.6601,0.071247,7.7269,32.843
13.511,13.607,7.8793,13.945,13.933,11.236,14.987,14.461,14.696,12.48,14.232,-0.035617,13.871,64.454
11.488,10.879,8.5205,9.8592,8.1275,2.8609,4.4436,7.2617,8.7327,6.4131,8.935,-0.37805,8.4139,18.933
8.7075,4.4274,7.8496,4.9527,6.7317,6.1669,5.9782,6.8791,4.8281,4.7816,8.1618,0.65063,8.2432,22.792
7.6238,6.7499,4.9928,6.5339,5.4789,7.1661,6.8527,7.8653,6.5106,8.8589,8.3518,0.84035,3.2998,14.859
9.2047,7.7148,3.3928,6.4487,4.7982,5.2207,6.895,6.0716,5.553,8.4444,5.2595,0.75575,5.7537,19.648
5.5838,5.3877,3.2904,10.611,8.9973,10.539,9.8578,9.2787,9.7027,9.0158,7.6116,-0.0084074,11.962,56.39
4.7731,9.4083,6.4035,7.9187,6.8071,8.1313,9.0715,6.9896,7.224,6.1882,3.6924,-0.1332,6.5259,22.477
8.5882,8.1411,8.1669,6.3726,7.3894,5.1016,5.2254,8.8218,8.218,6.2145,9.6568,0.37203,7.8478,52.29
7.3876,9.1868,6.4109,7.6712,7.8597,7.2258,3.5253,7.9877,5.7474,6.1412,6.2409,0.15688,7.8317,57.909
9.1452,10.231,10.472,9.63,11.568,10.524,5.3877,7.2005,9.7578,5.3381,7.918,0.16921,9.3615,42.893
9.3333,9.9059,8.5593,9.2921,11.046,9.1174,7.2092,7.3889,9.3791,7.3983,7.5509,0.034093,10.507,44.36
9.4578,9.4088,5.8963,8.2944,6.9176,7.9343,6.2977,10.685,7.7106,8.0154,6.6186,0.33851,7.9505,27.911
2.9746,7.1859,5.3915,8.0578,8.4932,10.861,9.4214,11.561,8.6162,10.076,8.5589,0.24992,5.9412,24.692
8.3029,9.0222,5.0138,10.874,7.8426,7.5454,4.0752,6.5371,7.2031,8.7488,5.0834,-0.30681,8.5109,52.498
13.724,15.042,9.5882,9.6776,6.3872,11.04,8.2353,10.117,8.5828,6.2841,7.6742,-0.1484,9.5729,40.293
9.9487,9.7989,12.09,9.539,8.549,10.191,10.902,10.627,10.828,10.621,12.03,-0.41348,12.67,27.993
8.302,6.3015,7.2288,5.8435,3.7224,4.5215,4.2657,4.9837,4.7825,3.4215,2.5785,0.80564,3.7145,39.533
4.6573,6.0589,4.5152,6.614,5.59,7.5721,4.9964,4.7688,7.9329,4.5144,3.7211,0.83857,6.1178,16.461
8.6966,13.341,10.742,6.6743,8.9411,8.4974,6.6544,9.8506,8.6054,7.3163,8.2294,-0.27999,6.2203,24.99
8.5271,11.013,7.3694,8.4389,8.8253,5.8525,10.217,9.8628,9.0834,8.0372,6.7389,0.58749,11.407,39.387
5.8265,5.229,5.8594,9.3399,7.5393,3.7653,1.9816,4.5685,6.2692,5.8792,6.1923,-0.48904,8.264,36.735
8.481,7.32,4.944,5.7247,5.3827,3.1359,2.4966,5.7613,5.7785,4.9212,5.2979,-0.0091648,8.3445,29.415
6.9059,9.321,8.6486,6.4796,6.6218,8.9103,4.9224,6.5839,7.0792,5.5165,5.4939,0.12716,5.3769,16.315
4.5652,4.7856,5.2695,6.3199,5.6246,6.0009,4.103,3.6651,5.5325,5.7922,5.4609,-0.079222,10.482,40.929
6.1318,8.4929,12.635,7.9946,7.5828,9.1313,3.3795,7.5074,7.2215,8.6069,5.2242,0.078685,7.2608,39.561
8.8524,8.7576,6.3917,7.7122,9.8958,10.326,2.5416,6.6772,9.2247,8.6154,7.2081,0.086937,9.9325,28.002
9.2213,9.1682,2.0369,8.3827,8.7158,6.3399,6.673,7.7986,8.8792,8.8917,5.7287,0.13603,11.894,60.59
10.277,10.694,8.2968,8.6425,8.916,4.2891,9.1053,7.4804,9.4154,6.7913,6.6162,-0.091729,10.594,48.556
10.988,11.586,9.0437,12.016,9.6835,10.925,8.5389,10.77,10.816,9.4167,9.3845,-0.0033386,11.415,33.878
6.476,6.0749,6.2946,5.8073,5.1555,8.7399,1.5119,0.72658,3.79,3.2262,2.7549,0.68382,6.1038,28.144
7.9827,12.475,9.4624,5.5754,7.6249,8.4587,4.9972,8.8797,4.164,6.8159,5.9445,0.4582,5.2824,8.2233
10.185,9.6807,8.9127,12.622,13.442,11.142,8.1218,9.7146,12.657,11.474,10.064,-0.20199,13.049,37.486
10.668,8.0925,6.3955,9.7482,9.0009,7.9493,5.0692,6.5521,9.8676,8.98,8.9318,-0.48605,15.433,65.919
5.942,7.9258,9.3186,5.0451,3.3941,3.0663,1.9053,3.8767,5.1572,5.9914,2.7867,1.3128,-0.026273,-10.652
6.9843,9.0876,7.4091,9.7901,6.8689,6.7331,5.4219,6.6949,8.976,7.4816,7.0871,-0.1048,5.2853,23.714
8.4503,8.0427,5.2602,11.941,8.6448,10.262,9.6929,10.707,10.724,8.4983,4.4732,-0.11842,9.3736,54.137
7.6832,7.8636,7.9919,9.1759,9.0886,9.1167,10.803,7.4573,9.1638,6.6874,6.3393,0.28069,7.065,44.871
6.7051,6.7369,5.4339,5.6293,4.1209,6.5485,3.4806,1.753,5.3487,4.5859,2.5156,0.34453,4.4549,20.847
8.4017,8.3216,7.7405,9.1457,7.0762,10.668,4.4904,8.1453,7.3024,9.2727,4.8456,0.24123,6.2219,27.171
5.3581,5.4796,6.9113,8.6326,8.8999,6.2173,4.2191,5.8788,6.3812,8.2496,6.0715,0.049961,5.1358,25.379
10.234,7.4607,8.2624,7.1027,7.3466,6.1322,6.3132,2.9653,9.9901,10.748,7.6177,-0.5906,10.957,43.86
5.4927,7.0282,10.494,6.0208,6.8213,3.2104,5.9219,5.7637,8.2123,6.6724,7.1047,0.26223,8.3266,34.896
10.64,11.422,9.333,7.5478,9.1735,10.939,7.8623,10.217,8.5346,9.6753,10.772,0.29209,8.9542,33.903
6.3094,7.8773,8.0057,6.1038,4.8088,8.1301,1.4757,3.1058,4.0621,2.0618,4.3846,0.27634,1.9995,12.815
10.706,9.568,6.8522,12.119,8.9376,9.5347,6.3063,9.7096,7.7322,7.3251,6.7571,-0.12301,11.437,54.03
3.3468,5.2688,4.0993,2.5807,2.1042,0.33781,6.0807,0.25265,0.47122,0.063729,-0.57486,0.49684,4.3341,24.717
7.3802,8.1791,7.3023,5.7354,7.7814,7.8729,4.4987,5.3676,6.4168,7.3614,6.532,0.33167,9.2479,31.013
7.7054,7.6665,5.4209,6.6547,5.9605,6.4837,2.8912,7.6931,5.8681,4.0145,4.7101,0.05199,8.6672,37.57
9.0933,7.5689,8.2251,12.87,11.866,14.997,9.0854,10.605,11.668,10.373,10.065,-0.23112,16.74,66.214
10.771,11.561,8.4911,12.594,14.697,7.7609,8.5064,9.9522,14.011,10.328,12.333,0.32833,10.692,32.149
9.4268,7.8142,8.8475,9.5544,9.4893,8.9946,6.5426,10.442,8.4659,12.068,11.447,0.0033005,11.245,53.526
9.1346,4.7963,4.394,6.0106,6.8183,6.3566,9.9468,6.8582,6.2846,5.806,5.0562,0.10956,6.3291,32.361
10.619,7.4285,7.4124,10.696,10.346,8.5858,8.391,10.598,11.141,11.98,11.585,0.20952,10.13,39.274
8.9398,8.2054,4.4781,8.779,8.748,5.8152,6.804,7.8405,7.3565,8.7736,6.4853,0.30504,9.8384,56.849
7.4834,6.2582,8.0871,7.8323,7.8309,7.9559,7.9246,5.9148,8.8142,6.7559,5.464,-0.21545,6.7391,42.133
4.9884,9.5476,5.7676,10.815,10.754,14.299,7.5367,8.2046,11.013,9.3304,7.2206,-0.026082,10.152,55.467
5.9759,6.6326,6.2607,5.0088,3.4965,4.9651,7.9877,6.559,4.2343,1.9065,4.0462,0.2024,6.5193,33.739
5.6956,5.3981,9.0917,8.6231,6.496,8.9391,7.8286,8.1052,7.8696,5.436,3.7677,0.4371,5.9382,21.485
5.3461,6.064,1.1818,4.4812,5.9116,3.9214,1.9285,5.8966,3.9489,5.5126,5.3174,0.29659,3.2213,22.381
6.5238,7.609,4.5651,7.4564,8.2983,10.363,5.5312,7.6868,7.4627,7.4495,5.0748,0.78074,6.4385,35.02
11.012,6.0829,6.8522,8.2857,10.223,10.358,10.149,10.16,10.183,10.184,12.523,-0.080031,11.417,58.306
11.584,9.0299,9.5245,8.1848,7.1973,9.55,8.0022,7.3561,8.1219,8.1735,9.268,0.17425,10.138,44.295
8.2329,8.5663,10.579,8.0614,9.2034,7.7295,2.3714,9.235,5.0557,4.0445,5.7351,0.18365,4.9576,31.946
6.5735,5.9459,6.357,6.5324,3.9918,4.896,5.1483,6.5809,3.9834,4.9937,6.1834,0.29306,3.598,18.789
8.7725,11.774,13.798,9.2225,7.1221,7.7849,9.4819,7.9531,7.465,5.4788,7.0521,0.17927,8.5468,49.921
8.7711,8.4645,7.3538,11.356,11.624,5.6854,6.5479,8.7469,11.346,9.9934,11.414,-0.023204,9.0713,37.368
6.9374,9.1065,4.7236,5.1293,3.5607,1.3325,3.0939,0.47054,2.0221,3.4781,1.9251,0.85737,2.9767,18.104
7.7627,8.1114,4.399,7.4257,5.9191,7.3736,6.8645,5.866,8.9782,5.0725,3.0793,0.82079,5.3164,25.578
10.463,9.7602,10.939,7.3895,5.13,6.165,5.1822,6.4236,6.8282,4.1729,4.6531,0.46596,5.0435,22.528
6.88,5.2984,5.0066,6.4635,4.8201,3.094,2.9437,1.6265,4.6345,5.4532,5.862,0.044985,7.1187,38.737
8.7355,8.7275,6.1497,7.3981,6.379,6.1013,5.4224,7.8206,7.49,5.2222,7.5966,-0.41619,7.7234,27.533
2.0731,2.4234,2.6093,3.7426,2.7024,2.2439,5.5139,1.9549,1.2699,1.4552,-0.7723,0.90883,5.4655,39.807
8.0098,3.5941,7.1627,5.6731,4.0259,3.7424,5.4533,4.7649,5.6752,4.2126,4.1873,0.51704,3.5716,21.976
9.9316,9.3398,7.882,10.966,10.077,12.296,6.6735,9.2864,11.322,9.3467,7.2526,-0.12732,8.2653,47.45
5.9945,6.88,0.85197,6.891,9.4455,5.9609,4.8725,5.9906,7.9235,6.5944,7.2771,-0.77156,12.627,70.952
6.3466,6.7597,1.8744,6.0347,7.1631,3.241,4.8408,5.8816,6.6856,6.2246,6.0121,-0.26899,3.6721,12.915
10.164,10.861,8.8299,10.284,9.5495,8.5268,5.3393,6.3476,10.42,8.511,10.464,0.23633,6.8477,33.607
11.006,10.337,8.4145,8.2152,9.8288,4.6651,3.0692,10.888,10.879,10.103,8.6302,0.051809,10.831,41.573
7.617,9.5324,8.0141,5.1442,3.739,3.1857,5.7941,2.6475,4.4696,5.2393,1.751,0.44285,1.272,16.999
7.2777,7.3296,2.1672,5.4977,4.0353,4.621,3.4989,4.6046,4.5674,2.1787,3.6002,0.36044,5.9126,19.025
10.537,7.3615,4.5937,11.096,13.046,14.076,10.955,13.919,13.434,12.328,11.344,-0.11148,7.7883,35.39
10.313,8.2874,2.9511,9.094,7.638,4.7704,4.1234,7.9528,8.0362,6.7268,7.0929,-0.57412,6.9511,29.613
6.4023,8.5807,6.2076,6.7213,8.5919,7.9167,4.117,7.1307,7.3088,7.117,6.996,-0.019125,8.746,39.463
5.915,6.9405,9.7641,8.6464,6.8803,9.3074,4.2037,6.0344,8.2473,6.0943,7.0691,0.01257,11.845,71.776
4.782,5.8627,6.0399,5.173,4.7175,4.6637,3.977,3.4016,5.1538,3.2245,2.8105,0.34006,7.5148,39.008
7.9487,6.3812,5.6446,4.7521,4.2807,10.616,9.0076,6.588,5.4284,6.0759,5.1795,0.23919,7.11,28.316
7.1918,9.1685,7.6226,5.9611,8.3127,6.9277,8.0158,8.8546,8.1485,7.9981,7.6114,0.36403,7.9949,27.978
5.8309,7.4819,5.8903,7.4023,8.203,10.82,7.8846,6.9671,7.8041,6.8121,7.4336,0.63659,4.5582,18.756
9.6369,12.476,7.2308,9.9357,10.382,10.511,7.7712,8.4284,9.3692,7.3236,8.5705,0.2689,7.076,34.785
8.4413,9.7234,3.634,11.48,9.9864,9.5531,8.4008,9.4439,9.1624,7.7853,9.2713,0.2623,11.543,54.683
8.8261,7.8239,8.3373,8.5377,7.189,9.1994,5.0582,8.8578,7.1356,6.3364,7.8318,0.35741,4.0442,7.4644
10.913,10.691,9.7315,8.8924,9.8095,4.2483,8.3489,6.1306,9.8594,7.9541,7.0209,-0.065663,12.33,51.534
7.1501,7.5062,6.7069,8.3167,8.195,7.2166,5.955,8.4187,9.1946,8.7044,7.4135,0.068532,14.928,63.498
6.1906,7.9806,5.7562,10.064,11.053,11.112,10.392,10.031,9.7609,11.285,10.073,0.2313,14.441,46.636
8.8981,7.7632,7.6587,7.269,7.8847,4.2602,7.8798,8.6547,8.6335,8.9654,7.4559,-0.32829,6.2351,32.664
5.1371,3.5864,3.7546,8.4465,9.268,5.7562,7.2305,6.3272,10.234,10.543,5.9774,0.44756,11.469,45.124
8.0158,7.4066,10.732,7.6667,8.4124,8.9965,4.8339,9.7385,10.25,9.0483,10.819,-0.11035,7.2881,40.917
8.7658,9.3205,8.8607,6.718,7.8091,11.492,3.9922,5.8045,6.6599,4.4089,7.4181,0.26425,9.3009,31
6.2089,7.4791,8.6641,8.4173,7.7561,11.388,7.3939,7.5638,8.2568,6.3347,4.8459,0.10831,6.8738,25.265
11.528,8.7292,12.452,5.1732,6.7959,8.7421,2.6818,6.9307,7.5339,6.9475,7.7975,-0.42585,4.0972,5.6691
5.7902,8.2286,7.9587,9.1144,9.5558,10.956,5.1948,6.5063,8.1508,9.7089,5.9067,0.82053,12.347,50.345
7.5897,5.2514,8.8564,8.2078,9.3014,8.7984,2.9489,9.584,8.9901,7.3503,7.5447,-0.28788,7.7885,17.001
5.8894,7.1373,4.5227,6.2314,6.092,4.3885,5.0951,4.0873,4.7617,5.5068,0.54428,0.29905,2.6567,0.78392
7.3712,7.9329,9.9349,8.3749,8.7585,8.4852,8.1117,6.2348,7.2964,6.3312,5.9969,0.5261,8.742,27.316
9.1382,12.232,13.678,9.5735,9.0581,9.8839,2.6929,7.0839,9.3004,7.061,6.8405,0.77055,10.226,32.918
7.0921,8.3488,9.5676,4.8986,3.8165,2.4882,0.94874,3.9739,2.8193,5.4519,3.453,0.7297,1.1988,15.305
3.9084,3.9009,4.6863,3.5841,2.941,5.7398,0.11167,3.7281,3.494,0.25577,2.7427,0.17678,3.3266,14.883
2.0885,1.689,4.754,5.8915,5.6762,4.4935,2.466,5.9947,5.7872,3.6291,2.6996,-0.37065,10.429,29.482
4.8741,7.6785,7.5225,5.5656,5.5554,8.103,4.2348,6.4339,6.4319,5.9335,2.7107,0.60511,7.4532,15.025
10.293,12.173,9.9131,10.967,12.089,8.4693,5.848,11.777,10.76,11.012,12.315,-0.30345,10.69,43.982
6.09,4.3712,5.5777,9.7078,10.02,6.1396,7.9823,7.8634,9.117,9.7737,6.1489,-0.20944,10.345,30.311
8.4759,8.3093,8.5486,8.4013,7.4705,10.87,7.1414,8.4213,8.6579,8.788,9.5949,0.085755,13.216,61.987
6.3608,10.601,5.7054,6.9934,6.7257,7.7047,6.233,5.3449,7.3765,6.0975,5.5496,0.29828,7.5156,12.234
4.8201,3.3603,4.3949,6.008,6.6811,6.9784,5.0559,4.9981,5.2502,6.5365,6.7271,0.1052,9.9802,30.228
5.1623,7.1412,7.1204,6.6471,6.8521,3.9729,5.4357,2.2406,4.8942,4.4087,3.1091,1.0461,7.0764,19.029
3.7666,6.3337,7.8659,8.0065,9.4067,5.483,4.7978,9.2592,10.314,8.2835,9.4072,-0.23643,12.375,32.691
7.2931,6.9509,2.4538,6.9134,5.3457,7.653,1.6021,6.2667,6.5107,3.6922,3.7464,0.45025,5.8325,17.229
2.5953,2.8586,2.7601,5.6834,6.4609,4.4958,3.8861,3.6461,6.4997,5.7219,3.229,0.44829,7.7201,47.66
1.9289,4.1579,7.5015,4.4399,5.9701,2.2091,-0.26792,4.0157,2.8803,4.2108,4.612,0.42989,4.8612,21.112
3.471,5.0473,4.4587,6.7933,3.2167,8.731,3.7354,6,6.6587,3.0166,1.5996,0.016321,7.3055,27.423
9.7039,8.8895,8.2124,7.8605,7.9037,8.8438,7.4877,8.0412,7.3642,7.1068,5.0414,-0.39107,7.936,27.575
5.952,9.8948,10.305,10.03,6.5575,7.2972,6.3149,8.1021,7.5689,7.0719,5.8326,-0.11597,7.5262,33.624
5.4301,7.28,8.2049,4.8171,7.1531,8.3384,-1.2886,3.2224,5.0176,3.829,2.988,0.040219,5.6817,10.747
10.313,10.929,5.5401,10.083,7.8767,7.502,3.096,7.9015,7.1568,9.1995,7.099,0.13752,6.7266,25.133
8.924,7.3163,8.3303,7.8201,8.7587,5.9261,8.6811,8.1788,8.7343,7.5666,7.3559,-0.20419,6.058,33.853
5.0533,3.8595,4.3084,4.9346,4.7405,8.8868,4.1936,4.6441,4.7921,8.4186,5.3548,0.871,5.6128,32.319
12.067,11.754,11.9,11.403,12.639,13.54,9.1634,11.422,12.196,9.1919,10.875,-0.043341,9.8714,33.956
6.4031,7.5394,5.4861,5.3588,5.8823,5.073,10.174,5.1806,5.1024,7.0013,4.6618,0.21575,4.7001,16.023
6.7728,6.8815,3.7082,5.8447,7.711,5.3733,3.0317,7.8386,6.8198,3.7909,7.1077,-0.050626,6.2758,38.291
6.9872,6.3879,9.711,8.389,8.5417,4.548,6.3165,9.1129,10.484,6.3858,8.4905,0.039519,6.1753,19.696
6.7621,7.6043,10.489,7.9995,5.7824,9.2517,4.5,9.7873,6.8676,6.0037,8.2147,0.017312,8.4842,37.51
6.2109,6.3885,5.8429,7.0626,6.8069,7.5204,3.2634,3.298,5.4694,4.1993,6.6162,0.023828,6.7689,28.721
11.106,7.3203,7.7719,8.9894,8.0711,10.332,10.401,7.2296,8.9612,7.4544,7.0834,-0.6138,8.0044,39.112
3.552,2.339,5.1675,4.3625,4.719,5.8323,3.8177,5.264,5.2202,3.9015,1.8886,-0.083826,-0.32876,5.7378
3.8378,4.4833,7.3389,4.2417,2.1001,7.6515,9.0909,5.2894,3.1999,4.5743,1.679,0.34267,5.1281,20.014
8.9803,7.506,6.44,6.4294,6.8911,6.2118,3.0157,6.4136,7.4338,5.1434,3.7683,-0.11994,8.5801,17.223
5.4959,6.1414,4.7011,5.1768,3.7495,10.853,5.0702,4.236,5.2,3.2351,5.0644,0.29688,6.1566,29.05
6.9717,6.2968,4.1947,8.8646,10.508,8.1236,6.5248,8.3078,10.038,7.0163,7.3405,0.28732,5.2803,18.611
7.752,8.324,6.4782,5.3122,7.6842,5.6678,8.0276,6.5501,6.9762,7.7837,8.5152,0.58686,6.947,31.317
11.751,10.014,10.119,9.7031,9.7096,10.463,9.7309,12.338,9.7349,9.5776,11.59,-0.24169,4.5585,33.413
7.9545,6.6963,7.1156,6.4968,5.908,7.8362,6.6788,6.5855,7.3481,5.2159,7.0341,0.74208,4.1189,27.251
7.1585,8.7993,6.7804,8.0168,9.121,11.138,6.6201,9.2741,6.4816,9.3643,6.5092,0.097277,7.0776,20.437
9.7366,5.4746,10.601,8.7116,9.5703,9.6583,7.2036,10.148,11.302,12.018,12.433,0.17838,9.4059,63.208
4.3699,5.8819,6.8358,5.4585,8.4081,4.969,0.7891,5.1096,5.8145,6.5609,5.7994,-0.27462,3.1626,11.707
9.092,7.4343,8.6116,6.9304,7.7851,5.9807,4.602,6.2625,7.0072,6.79,7.6933,0.14444,4.7212,41.411
4.4893,4.2067,5.5993,6.4732,6.228,8.2428,1.7258,4.3342,5.5802,5.5651,5.0966,0.19808,6.3128,30.176
9.3562,11.168,11.455,11.665,10.764,13.071,11.875,11.353,12.298,12.345,8.8923,-0.2138,10.672,47.291
7.1908,9.1965,2.3809,6.7498,10.862,7.1103,4.8097,5.7084,7.1136,7.3863,6.958,0.0030128,6.8227,31.456
12.473,10.953,11.552,10.926,10.961,7.9635,7.4793,9.276,10.412,9.5625,11.16,-0.065812,12.838,61.914
11.844,9.499,8.8228,9.9283,9.2537,8.2825,7.844,7.1154,7.8374,6.6156,5.5412,-0.21078,11.992,53.066
7.2189,5.5114,7.876,6.348,6.8924,6.891,6.2378,5.2035,5.0169,3.6482,6.9857,0.069027,6.5497,29.878
5.4911,5.9573,6.8879,7.9386,5.9428,10.329,8.5846,9.8633,7.8116,7.3554,7.1254,0.12127,8.9378,61.684
5.9517,7.0385,5.9937,9.5422,7.4667,6.3698,4.797,7.8029,7.4673,6.5447,9.4277,0.27195,10.523,30.512
2.7054,5.6019,3.6848,4.6762,4.0509,1.7906,-2.0657,2.31,4.0849,1.7251,4.7632,-0.4309,9.2269,51.776
8.5869,7.2004,5.9503,8.2846,7.5016,6.5847,8.6112,11.135,8.5484,7.5261,7.2483,0.15963,6.0902,36.695
9.7635,9.0961,7.8807,4.7387,5.979,4.5082,5.3446,7.4243,6.8222,6.0617,4.7732,-0.42746,7.0097,46.82
8.2817,8.6294,2.2058,6.774,7.303,8.4716,3.9177,6.629,6.0982,5.4258,4.5712,-0.06013,2.696,-8.0663
12.375,10.977,10.379,9.8371,9.3421,8.2945,11.361,9.2385,11.27,8.7716,10.064,0.21076,8.6661,49.513
5.1933,5.0811,5.0586,4.025,2.1988,3.3136,7.4758,4.3483,3.3772,4.2723,1.0373,0.45625,-0.075072,-0.75734
5.849,9.3154,6.2408,7.4123,8.1036,6.3698,4.4958,9.0981,7.4787,3.5209,7.4899,0.032987,5.2342,5.6903
5.6698,6.3064,3.769,6.6056,7.1771,3.4221,3.2721,5.7197,5.4368,4.7103,3.3389,0.022563,0.27089,10.927
7.9987,6.6466,6.0052,8.4146,6.4248,4.4955,7.928,9.5761,11.114,9.9412,7.3397,0.40466,7.4976,43.289
6.2524,10.937,3.6432,8.5411,6.4358,4.793,5.2396,8.7515,8.9072,8.8413,7.3234,0.21264,7.1145,21.004
7.1001,7.4183,7.7099,8.9218,8.4393,8.7057,4.5817,8.639,6.6694,7.7271,7.514,0.30404,7.6096,24.366
7.8252,9.9348,10.055,10.632,12.896,12.49,8.2588,10.794,11.358,11.006,7.8996,-0.12577,11.683,25.247
8.4834,8.4853,6.5661,8.2073,9.3503,8.3328,2.1858,10.478,9.7021,6.5001,7.0912,-0.29567,9.9134,32.319
8.8492,9.6305,6.9067,9.9236,6.0915,6.4782,6.0253,7.2714,7.9892,10.591,9.0374,0.87102,6.4092,29.572
7.1934,5.6396,4.8022,0.66044,2.4209,-0.23411,4.2722,3.532,3.3822,3.2881,3.5526,0.159,6.8813,31.569
11.27,7.9389,7.2823,9.8404,8.9881,9.8149,9.3527,8.2339,8.8604,10.801,10.301,0.096214,8.5986,50.943
7.0938,5.6541,6.975,10.547,9.4231,4.8308,3.2283,8.923,10.274,9.7702,10.103,-0.32475,10.01,48.238
7.8513,10.01,3.4152,6.4872,7.0623,9.221,9.521,6.8241,6.4303,6.4456,6.7347,0.31602,2.8105,-2.621
4.6148,7.328,9.2428,4.4558,5.1897,4.472,8.8191,6.3896,5.6042,4.9239,5.7107,0.70439,5.4098,8.5923
6.8458,10.951,4.1955,8.1832,11.395,6.5845,7.9859,7.6611,10.603,9.2651,7.6918,0.20092,7.5025,39.761
7.398,9.5826,7.86,11.056,7.5609,7.3117,9.6704,10.752,9.2903,8.0869,7.0123,-0.015181,9.4212,49.034
6.3791,4.4937,5.7989,7.44,6.5891,4.7431,8.5154,8.6193,6.0412,3.8016,6.9839,0.13998,9.2224,46.893
7.2524,8.094,5.773,8.1101,6.1758,8.5231,5.197,7.0023,6.2938,6.2147,5.2421,0.30481,5.2505,9.7049
5.1452,2.2572,5.2546,5.5313,4.8891,4.8814,5.645,6.8204,4.9885,5.9564,4.8897,0.37239,7.5589,41.618
10.77,14.785,8.7822,10.466,8.5593,10.798,7.0591,8.4627,9.299,9.0687,9.0077,0.16078,6.7993,30.221
9.9441,9.3032,8.2292,9.861,6.3372,8.7607,8.8473,8.571,6.7388,6.516,5.8027,0.023114,5.7776,24.174
6.73,7.2119,4.0611,8.174,9.3291,8.876,8.89,9.5437,9.1164,9.0905,10.135,-0.56391,10.691,58.178
7.7392,6.3924,3.9022,5.713,4.4425,7.2015,4.5687,6.3455,6.1221,5.5251,6.8177,0.48735,4.5573,15.243
8.4778,9.0216,14.428,6.6945,8.1731,11.594,10.947,8.9999,7.0381,8.3462,7.2928,0.60736,11.216,45.914
2.0094,3.1332,5.9005,6.7291,4.8772,5.1174,8.5274,4.9202,5.0318,4.3018,5.9846,0.52555,10.05,36.448
10.01,11.297,9.0477,10.197,9.1495,5.1682,8.6815,10.413,8.3798,7.3361,5.7874,0.044447,6.5772,23.454
8.936,6.3898,4.265,6.3676,9.333,9.1944,7.7187,6.9,8.1284,8.8331,7.473,0.1926,4.0258,37.024
10.801,6.8924,9.1349,5.0811,4.3857,2.9886,1.9628,4.9091,4.9451,5.5692,5.1828,0.21506,3.1245,4.9177
8.9976,10.313,5.968,6.2118,4.8108,5.1622,5.485,5.246,4.7567,4.3296,0.12174,0.30773,0.52256,8.4725
9.7101,12.795,8.2337,9.6352,8.9933,10.147,5.5712,8.9126,10.459,9.275,9.2712,-0.24277,9.0129,35.108
4.8429,7.2023,4.9702,7.9081,5.2467,9.4267,5.8685,6.6971,5.3064,5.1102,4.3714,-0.16086,5.1982,25.823
1.2689,6.0877,0.97335,5.6445,4.8035,3.9436,-0.76598,4.2714,5.5322,3.0606,4.6273,0.56946,2.1847,14.733
7.7537,9.1151,5.1648,6.8515,6.2242,7.4456,4.1934,6.8024,6.6869,6.2799,2.0627,0.48346,5.5956,13.334
7.8411,6.0866,4.3468,8.4844,6.9676,7.7314,9.4339,8.4325,9.0761,5.0537,8.4362,0.25022,10.218,40.471
8.9339,7.9532,5.6923,2.9369,3.848,5.9147,6.2932,3.6225,2.128,1.5788,0.83471,0.61765,4.9192,29.69
3.547,7.7644,8.5079,7.2623,9.7764,6.5134,3.9882,5.2035,8.4126,9.259,6.8327,0.046113,6.1732,24.423
9.1145,8.0381,7.864,10.678,8.5253,10.635,10.377,9.1234,10.768,9.13,8.964,0.49001,10.179,55.822
7.3745,3.3745,4.3767,4.9,4.2105,4.3304,1.7748,4.9601,4.7463,7.5877,3.6204,0.28011,3.294,18.022
8.8294,5.5572,5.3227,6.1486,8.8005,5.0483,5.1802,7.5592,7.0491,7.2806,8.636,0.077774,8.6055,33.236
5.2414,11.808,10.378,7.3382,7.3592,7.6731,8.0339,6.9171,7.212,5.5976,3.58,0.38876,5.6007,18.999
7.4369,7.6834,7.8719,5.1322,5.1157,5.2444,7.5184,3.0422,3.1769,3.5991,2.6103,0.29164,3.1291,3.3368
6.0191,7.6628,5.7004,8.0707,7.4344,8.4288,4.4618,8.2789,8.8029,8.4761,7.1994,-0.1719,13.001,58.205
6.8183,6.9071,4.8933,11.22,11.666,9.4112,6.0853,9.9842,11.991,9.1139,8.8382,-0.16031,9.3312,11.704
2.1517,6.8203,4.0693,3.9524,4.7879,3.8723,5.4612,4.6084,4.0656,1.2685,1.6462,0.48305,3.8649,0.082693
6.8142,6.5126,2.9513,8.3024,7.7017,7.759,5.9544,9.5166,8.0652,9.1092,8.245,0.53857,6.2958,25.625
6.9647,6.8162,8.5481,5.6549,6.9683,5.7938,7.2902,7.015,7.2095,5.8438,4.8551,0.48236,7.8971,20.564
5.9913,9.1235,7.0324,7.9944,8.7388,6.6687,2.5665,6.0883,6.8131,6.8171,6.7764,-0.35291,8.275,24.441
9.6193,6.3671,6.2952,8.5396,8.6735,7.4738,8.6267,6.9656,8.0281,5.5147,8.6535,-0.2438,8.8166,24.14
6.8352,4.176,4.0574,3.9025,5.2805,4.0129,2.716,5.474,3.9778,4.9675,6.9706,0.5831,9.5186,51.477
6.7865,6.4893,4.5925,9.7483,10.302,11.176,10.162,9.1802,9.3806,7.4212,10.165,0.020832,8.5941,35.729
5.7422,8.2047,9.5005,6.9113,7.0637,8.4977,7.5647,8.6522,5.5008,6.5247,7.5196,0.1094,4.8102,12.034
7.1401,8.6753,8.6041,10.112,8.1589,9.0103,6.2979,10.503,6.9903,6.9103,9.1509,0.36777,13.338,53.078
8.6433,12.601,8.8465,8.6031,10.783,7.4643,5.3175,7.6005,8.5326,5.8105,9.0906,0.23424,9.642,42.412
9.7932,8.6525,6.2091,9.6669,10.508,10.012,6.5059,8.3357,9.1979,7.1312,8.7723,0.31367,7.9154,28.204
11.199,7.7869,6.8659,7.3113,4.9902,6.5699,2.7124,5.2986,3.1893,3.8972,4.2723,0.14672,3.2552,4.0254
11.488,12.208,8.5516,5.987,8.3439,5.0338,6.5637,8.9528,8.6877,9.2604,7.3726,0.59407,7.7039,44.294
9.6354,6.2498,6.4858,5.8217,7.737,6.1271,8.1718,8.4113,6.8564,6.8023,8.6786,0.41867,7.7502,14.57
6.6527,8.5199,3.2441,7.394,5.7485,2.7173,5.9176,5.7674,5.9258,5.604,6.6862,0.47142,2.122,14.331
4.3517,7.3658,9.6717,7.5161,8.9684,8.4962,6.4817,5.633,6.8059,6.8554,7.404,-0.74107,6.9193,15.649
6.7052,7.8994,6.9794,9.8182,10.883,9.2756,6.7599,9.2695,10.977,9.2324,8.2889,-0.15843,7.7065,31.15
8.1757,7.873,6.8107,5.6988,4.6156,5.055,5.768,4.6763,5.4171,5.3872,8.4808,0.28753,8.3686,29.722
6.6126,9.5445,7.0407,7.2323,10.313,7.8188,7.5126,8.2166,7.7005,9.3815,7.6444,0.23072,11.706,49.408
12.065,9.6277,10.655,12.902,11.222,12.271,5.8606,11.552,10.896,9.578,12.619,-0.37544,14.859,69.973
4.5122,6.3793,9.9824,8.127,7.6961,11.267,7.537,10.733,9.0637,7.5178,7.1669,0.0043219,4.7251,32.857
5.435,7.2346,7.7742,5.2831,6.8849,3.6996,6.6189,3.5237,6.4109,6.5176,5.5867,0.029411,5.4006,13.247
3.3152,4.2182,3.1397,4.3083,3.0939,3.3214,4.866,3.0937,1.7698,2.282,1.4224,0.091406,6.6984,39.342
5.3879,8.1697,4.7876,4.0269,5.6238,5.5329,3.522,6.7168,6.9725,3.6103,3.9093,0.46105,7.8343,46.513
8.3674,8.6838,12.51,9.7326,8.2995,8.7536,9.1417,10.612,10.081,9.8108,8.9729,0.25811,8.3128,58.669
3.5757,7.5589,3.6572,5.568,5.6945,6.8359,2.6797,6.8858,4.4745,2.3501,4.0849,0.48677,9.482,30.678
7.2077,7.8332,5.9644,11.17,10.027,10.211,6.8635,8.3894,8.6466,9.824,10.537,-0.6201,11.103,48.403
6.2505,4.9354,5.297,7.754,9.3223,12.086,5.5669,9.9741,10.681,8.4471,8.2837,0.080915,7.4609,17.433
5.4052,9.0275,8.3441,7.5876,5.5712,9.1221,6.2545,7.9079,8.1434,5.9298,5.8462,-0.024768,9.4971,32.543
7.2864,6.661,7.5956,8.3303,9.0268,5.1067,1.9169,5.2315,8.7345,7.8545,7.1045,0.13707,11.171,39.728
15.072,13.273,12.093,14.05,13.877,11.422,9.5127,11.909,12.462,13.099,13.752,-0.52006,11.352,34.177
9.2916,9.1487,12.096,9.6659,9.1004,10.02,7.0297,9.9217,9.0759,8.4447,8.1824,-0.28552,11.736,59.42
6.541,5.7677,8.4807,7.1525,7.4843,6.2917,3.651,7.0191,9.3293,6.9687,5.6714,-0.19205,5.1364,18.68
8.5549,9.5028,6.0041,9.3975,9.2362,9.8656,6.6019,9.9735,10.415,5.7687,8.4452,0.38897,7.218,27.8
4.0058,10.447,3.8113,8.9701,8.2278,7.6945,9.3123,8.776,8.5319,5.683,4.0213,0.032572,10.293,39.54
10.388,7.7638,6.51,6.1402,7.6755,7.2779,3.9521,6.1574,5.9177,3.9656,5.5776,0.47102,3.0674,8.4571
9.2053,7.6223,5.7898,7.9543,10.156,9.1474,8.136,8.6401,9.2252,10.378,9.5448,0.42339,10.408,20.426
7.5525,9.4069,9.5031,3.1292,5.7762,0.79744,3.058,1.9151,3.745,3.4628,4.4075,-0.31191,6.5163,14.814
4.6894,6.4933,8.3633,6.6953,7.1566,8.6692,7.6393,8.8685,6.8787,8.6065,6.8431,-0.1073,5.6987,22.227
9.4139,8.6338,5.0506,8.8777,9.9585,5.2069,9.7106,8.3673,8.7386,8.8536,6.5502,-0.193,9.3606,62.95
11.408,9.9705,7.9073,9.0623,10.359,11.378,7.458,7.1179,9.1787,9.2035,7.9149,-0.37348,6.1722,22.05
8.8021,8.704,7.1146,10.159,10.119,8.705,4.5871,7.95,8.1523,10.01,11.385,-0.5584,7.1948,36.816
7.1088,6.847,5.5725,5.286,5.0176,6.3626,2.3042,5.4053,5.3526,2.3515,1.4367,0.13063,6.0233,37.198
5.9408,5.0062,0.82202,7.3467,6.4305,5.1179,5.6311,7.9017,7.6527,7.0749,4.4768,0.0020442,4.3508,15.453
4.7896,5.4298,7.1588,6.6152,6.9551,7.4331,1.0565,4.5126,5.2391,5.8054,5.3165,0.64751,8.0091,17.035
7.1554,4.7146,3.6701,6.3084,5.4395,6.4125,2.2613,8.2356,5.3194,2.7802,4.7627,-0.29256,6.3446,30.805
5.7839,2.4573,5.485,3.6699,3.6458,2.1306,1.8652,3.9173,3.4104,3.2961,1.5517,0.39512,5.6974,22.805
4.2676,4.7808,3.2876,8.5835,7.895,8.6908,10.866,8.1375,8.1657,5.8248,4.4763,-0.11753,5.672,20.158
3.4849,4.3972,4.6198,7.4691,6.7699,7.4684,3.0296,7.9957,6.3843,6.2898,4.2877,0.29837,4.9636,17.938
7.7507,7.5043,5.5933,8.6695,8.1707,9.9425,4.1796,6.0927,8.3035,4.5935,8.1347,-0.2693,7.0528,20.104
5.1186,7.6452,7.7648,11.254,12.165,9.3681,6.1232,9.6959,11.794,12.059,11.807,-0.19133,11.141,42.634
5.5636,9.2507,6.4498,8.974,8.8759,7.4573,3.428,10.973,9.4943,8.6347,10.48,-0.026714,10.588,49.352
8.6494,8.5046,7.6797,8.6183,9.8291,10.285,10.172,7.3483,9.3961,7.7514,8.4081,-0.024292,10.855,33.968
13.064,10.011,6.7934,7.4107,7.4542,4.9741,3.4985,6.8013,7.4616,6.5755,8.114,0.1053,12.029,30.539
7.3732,3.8984,10.065,10.013,8.8233,11.401,5.4913,7.8529,9.3117,9.7121,7.9241,-0.35096,7.8449,36.383
4.5958,7.5242,4.229,7.5939,6.6845,6.4142,3.9506,6.3405,6.7398,5.5962,7.4027,0.16673,6,32.297
4.36,4.699,4.9957,9.5498,9.675,3.509,7.0915,7.6151,8.6907,6.2987,7.7109,-0.10351,6.0097,28.462
8.9894,11.371,12.574,4.877,5.6959,8.0972,10.47,10.069,6.4201,6.7976,4.8193,0.47455,5.4199,14.127
5.0543,6.7153,5.1444,4.48,5.0121,3.4881,2.948,3.8885,4.6813,3.5126,3.2939,0.17708,2.0603,-9.9235
8.5248,8.8166,3.8909,10.424,10.433,7.8877,10.03,9.2693,11.49,12.494,10.321,0.13899,12.124,48.662
6.7966,7.6014,6.6186,7.3728,6.77,6.646,2.0267,7.2216,6.653,4.4936,5.4115,-0.015379,7.9958,36.603
10.932,8.319,8.3547,9.9881,8.002,7.6308,9.8048,12.069,9.8784,8.4272,9.8226,-0.07187,10.014,43.541
8.6729,7.0609,9.0996,9.9106,11.535,7.9947,7.1158,8.4355,12.011,10.973,9.1617,0.23979,11.076,36.757
8.0526,6.217,5.6697,8.6208,8.1048,9.892,9.111,6.6191,7.7949,7.5174,11.743,-0.47644,7.7781,44.448
4.8599,4.7705,3.6103,5.7692,4.754,4.8957,3.4444,5.1059,5.5251,7.3405,3.8776,-0.32368,6.4366,33.204
8.3525,9.4937,6.1418,7.8397,9.9551,4.7564,7.5768,9.1911,9.8372,5.7708,8.7411,0.087186,8.1668,22.214
4.5008,6.3913,2.9637,5.3013,7.0529,5.4357,7.2944,3.0223,5.8438,4.95,6.5644,0.74991,7.1779,31.239
7.3968,11.375,11.498,7.1957,7.9136,7.0422,4.5445,8.2599,5.0793,4.616,5.3939,0.22641,6.2358,31.607
8.1036,8.5767,5.4856,8.7681,9.8329,6.7022,7.924,7.3706,8.5213,7.0119,6.7593,0.43761,7.7018,33.697
2.4656,3.229,7.4141,-0.60928,-1.3502,1.3177,4.6248,0.80231,0.30268,0.061854,0.20305,0.87278,2.244,7.5019
10.831,7.1575,10.263,10.231,9.1324,10.748,3.2548,8.6694,10.157,10.126,12.021,-0.24259,11.849,40.944
5.065,5.7072,6.2897,5.2071,3.8828,8.6173,6.222,3.0086,5.2202,1.5693,3.926,-0.0021574,3.8962,33.052
5.9787,9.7505,6.7979,5.8552,7.8253,6.5928,5.7697,6.9224,7.69,4.3812,4.3772,0.031523,4.0303,19.322
10.166,10.16,7.6277,10.79,11.204,7.3115,3.3518,8.9774,10.831,8.8834,11.096,-0.058673,12.616,61.243
7.4853,7.1738,11.289,11.168,10.294,9.3465,10.008,8.355,9.6076,9.2052,9.7002,-0.69625,10.295,40.398
2.9376,5.06,1.9081,4.4188,4.6216,5.0559,5.5498,5.7453,4.9505,5.7075,4.1698,0.49685,4.2219,2.3712
6.6712,8.5778,4.535,9.2598,9.2414,6.6659,5.6218,7.6764,6.9617,4.6592,7.2536,0.23068,9.5557,41.051
6.098,4.7632,5.4284,7.3613,5.1488,7.9939,4.26,8.2443,6.8969,7.435,5.7282,0.079587,9.2952,31.805
5.6561,8.2107,7.843,6.2588,4.6663,7.2866,4.926,4.7427,6.5645,5.4662,3.5703,0.82723,5.3299,24.838
7.0362,8.8134,6.3814,7.5799,8.2068,10.005,9.9825,10.308,7.5352,8.4635,9.5189,0.65078,10.504,52.02
7.4552,11.738,12.443,7.4917,8.3432,7.7262,7.506,7.5735,8.4262,5.4545,8.4201,0.45406,8.9612,16.582
6.1041,7.1354,4.7876,5.5531,7.1673,9.1236,5.8364,3.5284,5.4461,6.13,5.1847,0.16527,8.3752,46.389
11.338,11.864,7.9154,9.8878,8.7829,8.948,8.8255,9.5413,9.6549,10.181,7.78,-0.15381,8.1913,24.439
6.9238,4.7114,7.3783,4.6989,4.8836,4.5451,4.6035,4.1596,5.1094,3.521,5.7745,0.031616,5.7657,16.025
6.45,8.2972,2.5194,5.7566,6.4505,5.9361,2.5547,6.8225,5.9541,3.5971,6.1575,-0.41321,6.9609,44.784
9.2672,8.179,4.3109,8.158,8.7011,7.7659,6.8088,5.5114,7.7189,6.1166,6.1563,0.40429,9.2598,53.502
5.8628,6.2209,5.5398,6.1375,5.1865,9.7848,7.1488,6.5218,4.2784,7.0759,5.0577,0.58624,7.6729,17.314
4.3173,7.405,2.8629,8.6515,7.5143,4.5626,5.2314,6.4978,9.3658,8.2239,7.2374,-0.33559,7.7713,16.883
6.5435,4.5281,0.9713,6.1483,8.0439,6.7531,5.807,5.0966,5.7693,5.2565,5.3567,0.88254,4.566,20.504
2.014,3.3141,0.60237,4.0757,2.1585,2.9025,1.7914,3.173,4.0743,1.5065,3.4771,0.45426,4.7322,14.577
12.679,11.425,9.8108,7.7096,6.667,8.789,5.4471,6.3754,7.3849,5.9695,3.7778,0.36616,4.9104,10.348
6.2128,7.3631,6.2519,4.2316,4.4473,5.6909,0.70495,3.4092,4.2358,2.8485,2.5068,0.68137,3.4267,12.456
10.09,7.1759,5.1245,11.668,11.291,9.602,10.516,12.174,12.111,9.5381,10.538,-0.17637,10.541,27.039
14.403,11.948,10.005,11.315,8.6224,7.8091,7.2547,10.215,11.24,10.728,11.626,0.48612,9.775,31.328
-1.1725,2.1429,4.583,2.8614,5.1444,5.4907,2.9987,4.4251,3.9992,2.2874,2.1407,0.62416,4.4793,27.023
5.214,4.2298,1.4725,3.9943,3.163,1.8046,2.9796,3.8469,3.8194,4.3616,3.7705,0.30833,6.0808,2.3902
4.9624,5.0338,4.7338,7.7889,5.4017,5.717,3.3306,7.8876,7.6043,6.7385,4.3278,0.074154,7.6368,31.14
8.3325,7.0287,4.561,7.2451,5.9203,4.1348,8.8663,7.8905,7.2076,4.7227,3.0681,0.56982,6.6247,23.09
9.1238,8.2841,9.5336,8.6877,10.353,5.6608,9.2558,13.226,9.6897,10.501,5.7828,0.20628,9.2014,28.116
3.6504,7.6879,7.9348,2.722,4.3766,4.8756,7.6008,4.5129,5.1196,3.4075,6.6519,0.78434,3.4072,16.327
6.9809,8.0808,4.9311,10.059,12.055,9.8505,8.04,7.4205,10.493,8.2889,10.718,-0.74669,9.4102,46.893
10.355,10.846,11.39,9.5485,9.6541,7.3314,8.6097,9.3181,11.42,9.7345,10.419,0.44547,11.146,43.718
10.137,10.856,11.721,5.3857,5.111,6.4435,4.7604,7.8425,4.5453,5.7703,4.6913,0.29658,7.6466,27.408
5.7634,8.859,3.7031,7.5461,7.3615,6.3081,6.2689,6.372,7.3753,6.2108,4.4332,0.33064,4.2386,10.675
5.0437,6.729,2.967,8.1041,7.2399,4.2616,7.6183,7.9436,6.4166,5.639,6.7367,0.23341,9.3611,17.224
7.7687,9.7808,9.0924,9.7527,8.2268,9.6197,6.3135,7.4902,8.2494,6.6755,6.4698,0.32146,8.0724,33.94
6.785,8.5312,4.096,5.9275,5.5274,8.6697,5.3103,5.3231,6.6103,7.1966,3.8529,0.045785,6.1861,5.4184
8.4902,10.147,6.7103,11.662,11.395,6.173,7.8592,12.31,12.412,10.833,9.5185,-0.34719,9.2969,24.424
11.493,8.9207,8.7747,6.5573,7.5745,4.8124,7.0618,6.6528,6.4291,4.0467,5.9693,0.036446,6.474,22.779
6.5505,8.9491,6.1022,9.8789,9.0224,11.264,3.3106,9.3514,10.953,8.9155,7.4647,-0.72447,9.154,42.968
4.6089,4.4792,3.9744,4.7163,5.5514,4.4519,5.3164,4.6063,6.1842,6.5406,5.6153,0.19908,5.2235,28.931
11.124,8.7221,8.3715,11.362,10.693,10.444,9.1214,12.331,12.012,9.9799,10.935,-0.11209,10.446,54.468
7.4595,6.2569,6.595,9.5108,8.3328,7.2678,8.2452,6.3078,8.5184,9.9925,9.066,-0.56612,11.585,40.773
8.4839,8.4972,8.2868,8.4253,8.2124,7.8722,7.9139,7.6641,7.2512,7.0415,7.0052,-0.17325,8.4123,43.889
3.6058,5.6296,0.58527,5.3322,4.3116,3.9964,4.573,5.1404,5.353,4.9337,2.4339,0.62779,2.225,-9.4313
6.338,9.3063,2.9883,6.66,8.7075,9.0388,5.5749,6.7243,5.7752,7.8029,5.5476,-0.20911,7.8807,24.984
8.393,8.9577,6.0608,9.7296,8.2565,7.2374,4.2839,8.6211,8.8244,5.6316,10.49,-0.0063997,7.9388,34.941
8.0184,6.2787,8.285,5.4488,6.7058,3.9662,7.596,7.8364,6.9155,6.1563,7.3345,-0.97965,10.26,44.986
10.134,10.462,11.475,9.3999,8.73,8.4703,8.3891,5.8987,10.859,8.152,7.6742,-0.015512,10.956,41.566
6.2889,6.7943,6.2536,6.2181,3.7796,5.4712,9.5913,4.9081,5.6016,7.9598,5.6152,0.29814,12.731,51.852
4.923,8.0153,6.8256,5.2507,4.9417,8.1374,4.7178,4.8786,5.7729,7.2317,3.596,0.45772,7.3837,30.15
8.5923,6.419,6.28,5.2387,3.5699,6.3422,9.2815,2.9317,3.0295,0.63646,1.1121,0.33214,5.8269,18.595
10.47,10.92,8.4314,7.4296,6.9087,4.9959,5.1676,6.3521,4.5098,7.8627,6.1254,-0.17646,1.1537,13.889
8.157,6.9189,5.625,8.4771,8.8323,6.9612,4.1088,7.0413,7.3527,8.1235,8.7924,-0.41279,8.9488,41.78
6.2932,6.3423,7.404,6.3027,5.4375,3.9164,6.7325,5.3657,7.4795,4.9288,4.3766,0.30986,3.6481,31.128
5.4257,6.4353,9.068,3.7391,4.0592,8.2845,5.6966,6.0377,2.5531,4.62,6.7626,0.25143,4.4249,18.149
7.9641,11.596,6.5681,7.407,7.4867,11.751,6.6719,8.2718,9.9119,9.5574,5.9337,0.11493,6.4722,15.9
5.702,8.273,4.4736,5.1457,5.1392,4.7149,5.0346,7.3754,3.7128,3.4703,3.5367,-0.016008,3.0167,14.916
5.5402,7.1935,7.9778,3.0896,2.7418,1.6132,4.0104,4.8965,2.6792,2.43,4.5814,0.44447,7.805,34.841
6.0725,5.5454,3.5156,4.1503,3.2207,4.1295,2.497,4.7302,4.3828,4.1239,2.6553,0.57453,6.4863,31.824
8.4663,10.315,6.1191,11.416,11.593,8.5609,7.9095,7.5696,10.701,8.8062,9.6691,-0.13351,8.923,42.878
8.3232,6.2859,5.2052,5.7672,4.8203,4.6967,4.5494,3.9971,4.7233,3.5236,4.5483,0.7289,7.894,38.133
7.2904,4.8477,4.7345,6.224,6.6108,5.8583,4.3015,5.2628,7.0812,8.5934,5.6837,0.63667,5.7362,30.158
11.712,7.8796,9.6346,10.007,10.602,8.8498,7.3173,8.9183,9.9739,9.741,6.835,-0.18378,6.9835,26.749
7.2478,7.4732,4.2621,7.87,7.9747,7.8403,5.0217,6.2767,8.6206,5.8885,5.845,0.18208,7.7274,29.572
5.8213,7.2624,9.8643,9.6016,5.8937,8.2248,9.3054,7.8631,9.4407,6.6047,7.1937,0.15052,10.791,65.346
9.6674,9.0359,7.6736,9.1601,9.2161,8.9243,4.1225,6.9164,9.7983,6.2533,5.8068,0.09365,10.529,38.539
5.1118,6.1651,3.9341,6.5296,5.2365,4.0716,5.5261,4.0797,5.4685,5.3761,4.8932,0.70354,5.5121,14.947
4.2335,5.4341,5.3245,7.8876,9.9635,7.3713,7.8262,8.7547,9.8239,8.9825,10.604,-0.24596,13.438,69.653
10.973,7.4974,7.0018,9.541,8.0588,7.6143,8.5739,10.287,8.8449,7.4752,6.4727,0.76774,8.9622,49.675
2.8684,3.654,5.593,4.4082,6.6667,6.3715,10.676,5.5069,5.5993,4.6893,5.0717,0.15251,8.5694,31.754
8.9017,8.8498,4.81,9.2123,7.1656,5.0511,4.8265,8.041,7.4115,6.2466,7.5197,0.30553,8.8085,46.466
9.014,9.3338,2.4865,7.0073,7.4392,6.9999,6.7122,6.5273,8.6738,6.2237,7.1684,-0.061592,8.3337,43.909
7.8464,6.7954,1.7169,7.174,7.6529,6.3864,2.9823,5.7936,7.9646,5.3194,7.1032,0.067658,7.778,20.765
5.1727,7.5558,4.8739,6.2045,6.7184,8.3786,8.5524,5.2707,5.502,5.4888,6.3076,0.36229,7.8105,42.266
5.2291,7.8598,4.6284,6.0293,7.5415,8.6973,5.1617,6.0773,7.3326,6.0529,5.3011,-0.13229,4.4091,15.171
4.4795,4.9429,5.3297,6.1424,4.1172,4.493,7.3858,4.6352,6.06,3.9457,2.0194,0.26857,9.4853,43.492
7.3782,9.9311,9.2438,9.2987,8.4394,10.572,7.2925,9.6345,8.1425,9.0551,8.1028,-0.051553,7.4049,26.745
5.0169,5.3457,4.4059,4.4494,5.5483,3.7199,6.8612,5.3305,4.8826,2.9396,3.5633,0.038083,6.1434,17.882
6.965,9.1582,3.4492,10.02,10.033,6.3486,6.78,7.9872,10.145,9.2368,12.623,0.13587,11.281,53.726
5.1101,6.5993,7.1652,7.9522,5.9474,4.901,7.6728,8.0494,8.0062,6.7911,5.5533,0.16275,7.6494,21.923
8.9068,8.8642,8.2375,10.247,9.5196,9.9845,10.07,10.808,11.983,8.6958,11.393,-0.21174,13.835,55.484
4.271,3.5603,0.53444,7.9614,7.2311,5.0034,6.0541,8.6289,7.3446,5.6754,6.009,-0.2451,5.989,18.336
8.0297,10.397,6.6684,7.0976,8.7486,9.7195,5.3504,7.9094,7.3351,8.2059,8.7578,-0.52373,11.322,38.444
